,train_acc,test_acc,p_norm
0,0.9993987083435059,0.6964688301086426,0
1,0.9993987083435059,0.718256950378418,0
2,0.9993987083435059,0.7114951014518738,0
3,1.0,0.6994740962982178,0
4,0.9993987083435059,0.6867017149925232,0
5,1.0,0.7032306790351868,0
6,1.0,0.714500367641449,0
7,1.0,0.7129977345466614,0
8,1.0,0.6979714632034302,0
9,0.9993987083435059,0.706987202167511,0
