,train_acc,test_acc,p_norm
0,1.0,0.6069999933242798,0.1078108474612236
1,1.0,0.6110000014305115,0.11219395697116852
2,1.0,0.5879999995231628,0.1074608862400055
3,1.0,0.5609999895095825,0.10656198859214783
4,1.0,0.6179999709129333,0.10503876954317093
5,0.9916666746139526,0.5820000171661377,0.10866502672433853
6,1.0,0.5849999785423279,0.1023205816745758
7,1.0,0.5989999771118164,0.1136554703116417
8,1.0,0.6050000190734863,0.11443521082401276
9,1.0,0.5899999737739563,0.10153438150882721
