,train_acc,test_acc,p_norm
0,1.0,0.5176470875740051,0.13537991046905518
1,1.0,0.6155597567558289,0.13495193421840668
2,1.0,0.5624288320541382,0.13525016605854034
3,1.0,0.5912713408470154,0.13529464602470398
4,1.0,0.6204933524131775,0.1349368840456009
5,1.0,0.5795066356658936,0.13489586114883423
6,1.0,0.6049336194992065,0.1355903446674347
7,1.0,0.6136622428894043,0.13545279204845428
8,1.0,0.5772296190261841,0.13505855202674866
9,1.0,0.6094876527786255,0.13506053388118744
