,train_acc,test_acc,p_norm
0,1.0,0.5924079418182373,0.13689248263835907
1,1.0,0.6065950989723206,0.13611824810504913
2,1.0,0.6353527307510376,0.13609309494495392
3,1.0,0.6430214643478394,0.13648957014083862
4,1.0,0.611963152885437,0.13617531955242157
5,1.0,0.6338189840316772,0.13679035007953644
6,1.0,0.6303680539131165,0.13618580996990204
7,1.0,0.6177147030830383,0.13697673380374908
8,1.0,0.6062116622924805,0.13666990399360657
9,1.0,0.6445552110671997,0.1370154321193695
