,train_acc,test_acc,p_norm
0,1.0,0.6370000243186951,0.12466314435005188
1,1.0,0.625,0.12788447737693787
2,1.0,0.6430000066757202,0.1199781596660614
3,1.0,0.6439999938011169,0.11737441271543503
4,1.0,0.6510000228881836,0.13307081162929535
5,0.9916666746139526,0.6389999985694885,0.12279829382896423
6,1.0,0.6330000162124634,0.12659403681755066
7,1.0,0.6470000147819519,0.1259734034538269
8,1.0,0.6330000162124634,0.11912193149328232
9,1.0,0.6209999918937683,0.1274479329586029
