,train_acc,test_acc,p_norm
0,1.0,0.6630768775939941,0.09149491041898727
1,1.0,0.6676923036575317,0.09175543487071991
2,1.0,0.6656410098075867,0.09157045930624008
3,1.0,0.6764102578163147,0.09188360720872879
4,1.0,0.6687179207801819,0.0917685404419899
5,1.0,0.6564102172851562,0.09182536602020264
6,1.0,0.6682050824165344,0.09197482466697693
7,1.0,0.672820508480072,0.09160017967224121
8,1.0,0.6769230365753174,0.0920061245560646
9,1.0,0.6656410098075867,0.09177912026643753
