,train_acc,test_acc,p_norm
0,1.0,0.42630594968795776,0.12039215117692947
1,1.0,0.5079290866851807,0.12231656908988953
2,1.0,0.5382462739944458,0.12136770039796829
3,1.0,0.49906715750694275,0.12166634202003479
4,1.0,0.4925372898578644,0.12187374383211136
5,1.0,0.4822761118412018,0.12214971333742142
6,1.0,0.4025186598300934,0.12179158627986908
7,1.0,0.4197761118412018,0.12147209793329239
8,1.0,0.48367536067962646,0.12125031650066376
9,1.0,0.4006529748439789,0.12187335640192032
