,train_acc,test_acc,p_norm
0,1.0,0.5449835062026978,0.12218429148197174
1,1.0,0.6010362505912781,0.12338683009147644
2,1.0,0.5840791463851929,0.12217481434345245
3,1.0,0.5214319229125977,0.12255219370126724
4,1.0,0.604804515838623,0.1229502409696579
5,1.0,0.5572303533554077,0.12250834703445435
6,1.0,0.588318407535553,0.12204553186893463
7,1.0,0.5591144561767578,0.1228230893611908
8,1.0,0.5619406700134277,0.12296772003173828
9,1.0,0.5925576686859131,0.12255781888961792
