,train_acc,test_acc,p_norm
0,1.0,0.6501457691192627,0.12629473209381104
1,1.0,0.6277939677238464,0.12653689086437225
2,1.0,0.6423712372779846,0.12685522437095642
3,1.0,0.5996112823486328,0.1266128271818161
4,1.0,0.6394557952880859,0.126548171043396
5,1.0,0.638969898223877,0.12687790393829346
6,1.0,0.6443148851394653,0.1263403594493866
7,1.0,0.6068999171257019,0.12641185522079468
8,1.0,0.6559766530990601,0.12694424390792847
9,1.0,0.623420774936676,0.1268482804298401
