,train_acc,test_acc,p_norm
0,1.0,0.7111110687255859,0.6292882561683655
1,1.0,0.7111110687255859,0.6076984405517578
2,1.0,0.7333333492279053,0.7073004841804504
3,1.0,0.7851851582527161,0.6560273766517639
4,1.0,0.6444444060325623,0.6890114545822144
5,1.0,0.7481481432914734,0.7150036692619324
6,1.0,0.7333333492279053,0.6442111134529114
7,1.0,0.7185184955596924,0.8083721399307251
8,1.0,0.7481481432914734,0.5872185826301575
9,1.0,0.6888888478279114,0.6097312569618225
