,train_acc,test_acc,p_norm
0,1.0,0.9666666984558105,3.367805004119873
1,0.9895833730697632,1.0,4.212285995483398
2,1.0,0.9333333969116211,3.676807165145874
3,1.0,0.9666666984558105,3.5539910793304443
4,1.0,0.9666666984558105,4.550153732299805
5,1.0,0.9333333969116211,4.7655029296875
6,0.9791666865348816,0.9666666984558105,4.7438249588012695
7,1.0,0.9666666984558105,3.7472379207611084
8,1.0,0.9666666984558105,4.503583908081055
9,1.0,1.0,3.914856433868408
