,train_acc,test_acc,p_norm
0,1.0,0.9375,1.1934292316436768
1,1.0,0.96875,1.2456600666046143
2,1.0,0.9479166865348816,1.3716766834259033
3,1.0,0.96875,1.2154849767684937
4,1.0,0.96875,1.2881925106048584
5,1.0,0.9583333730697632,1.1586145162582397
6,1.0,0.96875,1.3901079893112183
7,1.0,0.96875,1.3597111701965332
8,1.0,0.8958333730697632,1.1650184392929077
9,1.0,0.9375,1.2109752893447876
