,train_acc,test_acc,p_norm
0,1.0,0.9880952835083008,2.13197922706604
1,1.0,1.0,1.7689708471298218
2,1.0,0.9642857313156128,1.7734969854354858
3,1.0,0.9880952835083008,1.6775850057601929
4,1.0,0.9880952835083008,1.391442894935608
5,1.0,0.9761905074119568,1.9092230796813965
6,1.0,0.9642857313156128,1.7161999940872192
7,1.0,0.9761905074119568,1.8929942846298218
8,1.0,0.9404761791229248,1.940801978111267
9,1.0,0.9880952835083008,1.6862889528274536
