,train_acc,test_acc,p_norm
0,1.0,0.8962962627410889,2.022841453552246
1,1.0,0.8962962627410889,2.3566462993621826
2,1.0,0.7111110687255859,2.646359920501709
3,1.0,0.8740740418434143,3.0186879634857178
4,1.0,0.8444444537162781,4.8263139724731445
5,1.0,0.9037036895751953,1.8352044820785522
6,1.0,0.8518518209457397,2.840250015258789
7,1.0,0.8666666746139526,2.292121410369873
8,1.0,0.555555522441864,3.0758702754974365
9,1.0,0.8592592477798462,3.6893341541290283
