,train_acc,test_acc,p_norm
0,1.0,0.9761905074119568,1.9833778142929077
1,1.0,0.9761905074119568,1.658793568611145
2,1.0,0.9761905074119568,2.496999502182007
3,1.0,0.9047619104385376,1.7452770471572876
4,1.0,0.9761905074119568,1.7308859825134277
5,1.0,0.9880952835083008,1.9195853471755981
6,1.0,1.0,1.989524006843567
7,1.0,0.9761905074119568,1.9231175184249878
8,1.0,0.9761905074119568,1.7647528648376465
9,1.0,0.9761905074119568,1.9366573095321655
