,train_acc,test_acc,p_norm
0,1.0,0.9722222089767456,1.9233946800231934
1,1.0,1.0,2.0661909580230713
2,1.0,0.9861111044883728,1.9984345436096191
3,1.0,0.9861111044883728,2.554591655731201
4,1.0,0.9722222089767456,2.2019107341766357
5,1.0,0.9861111044883728,1.970731496810913
6,1.0,0.9861111044883728,1.657099962234497
7,1.0,0.9722222089767456,1.9233150482177734
8,1.0,0.9722222089767456,1.7687734365463257
9,1.0,0.9722222089767456,1.4804037809371948
