,train_acc,test_acc,p_norm
0,1.0,1.0,1.7251332998275757
1,1.0,1.0,1.7168818712234497
2,1.0,0.9861111044883728,1.6926732063293457
3,1.0,0.9861111044883728,2.4176037311553955
4,1.0,0.9722222089767456,1.852900743484497
5,1.0,0.9861111044883728,1.9387116432189941
6,1.0,0.9861111044883728,1.8055825233459473
7,1.0,0.9722222089767456,1.7605360746383667
8,1.0,0.9722222089767456,2.043596029281616
9,1.0,0.9861111044883728,1.7744789123535156
