,train_acc,test_acc,p_norm
0,1.0,0.9791666865348816,1.7166500091552734
1,1.0,0.96875,1.4296998977661133
2,1.0,0.96875,1.758480429649353
3,1.0,0.9791666865348816,2.098424196243286
4,1.0,0.9791666865348816,1.9178712368011475
5,1.0,0.9791666865348816,1.746090054512024
6,1.0,0.9583333730697632,2.021127700805664
7,1.0,0.9583333730697632,1.8018956184387207
8,1.0,0.9791666865348816,1.7999128103256226
9,1.0,0.9895833730697632,1.3131599426269531
