,train_acc,test_acc,p_norm
0,1.0,0.8750000596046448,0.4339730143547058
1,1.0,0.8833333849906921,0.46052005887031555
2,1.0,0.8833333849906921,0.4605194926261902
3,1.0,0.9000000357627869,0.5206038355827332
4,1.0,0.9083333611488342,0.4834788739681244
5,1.0,0.8916667103767395,0.5251950025558472
6,1.0,0.8750000596046448,0.5245400667190552
7,1.0,0.8916667103767395,0.4682008624076843
8,1.0,0.9000000357627869,0.49970436096191406
9,1.0,0.9000000357627869,0.49657222628593445
