,train_acc,test_acc,p_norm
0,1.0,0.9083333611488342,0.4692552387714386
1,1.0,0.9000000357627869,0.46698978543281555
2,1.0,0.8916667103767395,0.4811740219593048
3,1.0,0.9000000357627869,0.4818390905857086
4,1.0,0.9000000357627869,0.4845307469367981
5,1.0,0.9000000357627869,0.49383875727653503
6,1.0,0.8833333849906921,0.4976474642753601
7,1.0,0.8750000596046448,0.46102258563041687
8,1.0,0.8833333849906921,0.48541370034217834
9,1.0,0.9083333611488342,0.48122286796569824
