,train_acc,test_acc,p_norm
0,0.32592591643333435,0.30974358320236206,103.70851135253906
