,train_acc,test_acc,p_norm
0,1.0,0.9761905074119568,1.2485078573226929
1,1.0,0.9880952835083008,1.3460232019424438
2,1.0,0.9880952835083008,1.437597393989563
3,1.0,0.9404761791229248,1.0920753479003906
4,1.0,0.9523809552192688,1.3994865417480469
5,1.0,0.9761905074119568,1.691349983215332
6,1.0,0.9761905074119568,2.0677859783172607
7,1.0,0.9761905074119568,1.66269850730896
8,1.0,0.9761905074119568,1.7136754989624023
9,1.0,0.9523809552192688,1.2728267908096313
