,train_acc,test_acc,p_norm
0,0.9904762506484985,1.0,2.9897520542144775
1,1.0,1.0,2.0379226207733154
2,1.0,1.0,2.3348164558410645
3,0.9904762506484985,1.0,2.945136785507202
4,1.0,1.0,3.4021894931793213
5,1.0,1.0,2.9034323692321777
6,1.0,1.0,2.1898465156555176
7,1.0,1.0,2.2076854705810547
8,1.0,1.0,2.447288751602173
9,0.9904762506484985,1.0,2.403852701187134
