,train_acc,test_acc,p_norm
0,1.0,0.800000011920929,0.8626765608787537
1,1.0,0.6962962746620178,0.5868096947669983
2,1.0,0.800000011920929,0.7812629342079163
3,1.0,0.7555555701255798,0.5949410796165466
4,1.0,0.6962962746620178,0.5772823691368103
5,1.0,0.8814814686775208,0.6702530384063721
6,1.0,0.4740740656852722,0.8647775053977966
7,1.0,0.7037037014961243,0.6636923551559448
8,1.0,0.7185184955596924,0.704399585723877
9,1.0,0.9037036895751953,0.5546305775642395
