,train_acc,test_acc,p_norm
0,1.0,0.9083333611488342,0.5123047232627869
1,1.0,0.9333333969116211,0.5094475150108337
2,1.0,0.9333333969116211,0.5403598546981812
3,1.0,0.8833333849906921,0.5128578543663025
4,1.0,0.9250000715255737,0.5547494292259216
5,1.0,0.9166666865348816,0.5348507165908813
6,1.0,0.8750000596046448,0.5731286406517029
7,1.0,0.9250000715255737,0.49409806728363037
8,1.0,0.9500000476837158,0.5215780138969421
9,1.0,0.9250000715255737,0.512866735458374
