,train_acc,test_acc,p_norm
0,1.0,0.9733333587646484,0.6326969265937805
1,1.0,0.9733333587646484,0.6555262207984924
2,1.0,0.9733333587646484,0.5901466012001038
3,1.0,0.9733333587646484,0.6564177870750427
4,1.0,0.9733333587646484,0.6033111810684204
5,1.0,0.9866666793823242,0.6313436031341553
6,1.0,0.9733333587646484,0.6337566375732422
7,1.0,0.9733333587646484,0.6791477203369141
8,1.0,0.9733333587646484,0.6222394108772278
9,1.0,0.9733333587646484,0.6665191054344177
