,train_acc,test_acc,p_norm
0,0.9916667342185974,1.0,2.896296262741089
1,1.0,1.0,2.8380839824676514
2,1.0,1.0,2.5402698516845703
3,1.0,1.0,2.3569159507751465
4,0.9916667342185974,1.0,2.8685712814331055
5,0.9916667342185974,1.0,2.9052793979644775
6,0.9916667342185974,1.0,2.8766839504241943
7,1.0,1.0,2.2671890258789062
8,0.9916667342185974,1.0,3.153380870819092
9,0.9916667342185974,1.0,3.0875658988952637
