,train_acc,test_acc,p_norm
0,0.32222220301628113,0.3071794807910919,1285.7008056640625
