,train_acc,test_acc,p_norm
0,1.0,1.0,0
1,0.9916667342185974,1.0,0
2,0.9916667342185974,1.0,0
3,0.9916667342185974,1.0,0
4,0.9916667342185974,1.0,0
5,0.9916667342185974,1.0,0
6,0.9916667342185974,1.0,0
7,0.9916667342185974,1.0,0
8,1.0,1.0,0
9,0.9916667342185974,1.0,0
