,train_acc,test_acc,p_norm
0,1.0,0.9479166865348816,2.241837978363037
1,1.0,0.9479166865348816,2.8393187522888184
2,1.0,0.9791666865348816,1.96560800075531
3,1.0,0.96875,1.874588131904602
4,1.0,0.96875,1.6841222047805786
5,1.0,0.9791666865348816,1.4912238121032715
6,1.0,0.9583333730697632,1.702937126159668
7,1.0,0.96875,2.128962278366089
8,1.0,0.9791666865348816,1.8662961721420288
9,1.0,0.9791666865348816,1.9099875688552856
