,train_acc,test_acc,p_norm
0,1.0,0.7555555701255798,0.6893934607505798
1,1.0,0.7851851582527161,0.9822925925254822
2,1.0,0.8444444537162781,0.877669095993042
3,1.0,0.7851851582527161,0.7116823196411133
4,1.0,0.7629629373550415,0.7975485324859619
5,0.8333333730697632,0.8444444537162781,1.1660406589508057
6,1.0,0.7333333492279053,0.6036844253540039
7,1.0,0.7407407164573669,0.4709905982017517
8,0.9166666865348816,0.8370370268821716,0.8243190050125122
9,1.0,0.770370364189148,0.7149653434753418
