,train_acc,test_acc,p_norm
0,1.0,0.7185184955596924,0.7583404183387756
1,1.0,0.6518518328666687,0.6665441989898682
2,1.0,0.8814814686775208,0.7052414417266846
3,1.0,0.800000011920929,0.6945925951004028
4,1.0,0.6740740537643433,0.6871921420097351
5,1.0,0.8222222328186035,0.6969654560089111
6,1.0,0.6962962746620178,0.6616566181182861
7,1.0,0.5925925970077515,0.7898129820823669
8,1.0,0.6740740537643433,0.666016161441803
9,1.0,0.555555522441864,0.7272792458534241
