,train_acc,test_acc,p_norm
0,1.0,0.9666666984558105,4.235201358795166
1,1.0,1.0,4.069889545440674
2,1.0,0.9666666984558105,4.445580959320068
3,1.0,0.9666666984558105,3.406575918197632
4,1.0,0.9666666984558105,3.7666282653808594
5,0.9895833730697632,0.9333333969116211,4.771299839019775
6,1.0,0.9666666984558105,4.082609176635742
7,1.0,0.9666666984558105,4.8390302658081055
8,1.0,0.9666666984558105,3.8414056301116943
9,1.0,0.9666666984558105,4.260593891143799
