,train_acc,test_acc,p_norm
0,1.0,0.9761905074119568,2.688373327255249
1,1.0,0.9880952835083008,2.1860454082489014
2,1.0,0.9880952835083008,2.3293399810791016
3,1.0,0.9642857313156128,2.547966241836548
4,1.0,0.9880952835083008,2.2078373432159424
5,1.0,0.9642857313156128,1.9903486967086792
6,1.0,0.9880952835083008,2.599809169769287
7,1.0,1.0,2.114246129989624
8,1.0,0.9761905074119568,2.7481906414031982
9,1.0,0.9285714626312256,3.2750372886657715
