,train_acc,test_acc,p_norm
0,1.0,0.7333333492279053,0.6917341351509094
1,1.0,0.7555555701255798,0.7644594311714172
2,1.0,0.800000011920929,0.7377457618713379
3,1.0,0.6888888478279114,0.670227587223053
4,1.0,0.6296296119689941,0.7177834510803223
5,1.0,0.6814814805984497,0.6703764200210571
6,1.0,0.6518518328666687,0.5860791802406311
7,1.0,0.7111110687255859,0.7160969376564026
8,1.0,0.7185184955596924,0.6208181381225586
9,1.0,0.7629629373550415,0.6802753210067749
