,train_acc,test_acc,p_norm
0,1.0,0.6962962746620178,0.6916798949241638
1,1.0,0.8444444537162781,0.6174249053001404
2,1.0,0.8148148059844971,0.7288042306900024
3,1.0,0.7185184955596924,0.6074149012565613
4,1.0,0.7259259223937988,0.7947602868080139
5,0.9166666865348816,0.800000011920929,0.6193273067474365
6,1.0,0.800000011920929,0.755860447883606
7,1.0,0.7777777910232544,0.5508406758308411
8,1.0,0.8518518209457397,0.6782991886138916
9,1.0,0.7407407164573669,0.7242226600646973
