,train_acc,test_acc,p_norm
0,1.0,0.9880952835083008,1.4864879846572876
1,1.0,0.9761905074119568,1.2380675077438354
2,1.0,0.9642857313156128,1.2053014039993286
3,1.0,0.9761905074119568,1.3905192613601685
4,1.0,0.9761905074119568,1.2476907968521118
5,1.0,0.9880952835083008,1.3798331022262573
6,1.0,0.9761905074119568,1.5959290266036987
7,1.0,0.9523809552192688,1.3834620714187622
8,1.0,0.9761905074119568,1.6673407554626465
9,1.0,0.9761905074119568,1.4762829542160034
