,train_acc,test_acc,p_norm
0,1.0,1.0,3.1307730674743652
1,1.0,1.0,2.618631362915039
2,1.0,1.0,2.3920540809631348
3,1.0,1.0,3.2457118034362793
4,1.0,1.0,2.955819845199585
5,1.0,1.0,2.8482825756073
6,1.0,1.0,2.4146595001220703
7,1.0,1.0,2.322937250137329
8,1.0,1.0,2.907792091369629
9,1.0,1.0,2.2543559074401855
