,train_acc,test_acc,p_norm
0,1.0,1.0,1.9744821786880493
1,1.0,1.0,2.06827974319458
2,1.0,1.0,1.7831196784973145
3,1.0,1.0,1.9231696128845215
4,1.0,1.0,2.0985279083251953
5,1.0,1.0,1.8533164262771606
6,1.0,1.0,2.276242733001709
7,1.0,1.0,2.314157247543335
8,1.0,1.0,2.252692222595215
9,0.9888889193534851,1.0,1.8566527366638184
