,train_acc,test_acc,p_norm
0,0.98333340883255,1.0,1.767055869102478
1,1.0,0.9861111044883728,1.8241533041000366
2,1.0,0.9861111044883728,2.200225830078125
3,1.0,0.944444477558136,2.6916615962982178
4,1.0,0.9861111044883728,1.8343061208724976
5,1.0,0.9861111044883728,2.205508232116699
6,1.0,0.9583333134651184,1.9299218654632568
7,1.0,0.9861111044883728,1.8234730958938599
8,1.0,1.0,1.6658856868743896
9,1.0,0.9583333134651184,1.880971908569336
