,train_acc,test_acc,p_norm
0,1.0,0.98333340883255,1.6269726753234863
1,1.0,1.0,1.5718737840652466
2,1.0,1.0,1.7603654861450195
3,1.0,1.0,1.9643698930740356
4,1.0,0.98333340883255,1.5334724187850952
5,1.0,0.98333340883255,1.4472134113311768
6,1.0,0.98333340883255,1.719658613204956
7,1.0,1.0,1.680625319480896
8,1.0,0.98333340883255,1.3499526977539062
9,1.0,0.98333340883255,2.0501532554626465
