,train_acc,test_acc,p_norm
0,1.0,0.8740740418434143,1.169153094291687
1,1.0,0.8370370268821716,1.5555756092071533
2,1.0,0.8444444537162781,1.248873233795166
3,1.0,0.8592592477798462,1.282188057899475
4,1.0,0.9333333373069763,1.6803364753723145
5,1.0,0.8814814686775208,1.126106858253479
6,1.0,0.8296296000480652,1.0032851696014404
7,1.0,0.8814814686775208,2.1313400268554688
8,1.0,0.8666666746139526,1.366692066192627
9,1.0,0.6740740537643433,1.810133695602417
