,train_acc,test_acc,p_norm
0,1.0,0.7481481432914734,0.8860352635383606
1,1.0,0.7037037014961243,0.7127776741981506
2,1.0,0.8222222328186035,0.7633543014526367
3,1.0,0.6222221851348877,0.7569061517715454
4,1.0,0.6814814805984497,0.9596134424209595
5,1.0,0.7111110687255859,0.7737345099449158
6,1.0,0.5629629492759705,0.7964749336242676
7,1.0,0.8666666746139526,0.7553720474243164
8,1.0,0.6296296119689941,0.7023540735244751
9,1.0,0.6518518328666687,0.8358488082885742
