,train_acc,test_acc,p_norm
0,1.0,0.9861111044883728,1.5263035297393799
1,1.0,0.9722222089767456,1.6415181159973145
2,1.0,0.9861111044883728,1.5598254203796387
3,1.0,0.9861111044883728,1.3925843238830566
4,1.0,0.9722222089767456,1.4039630889892578
5,1.0,0.9861111044883728,1.786439061164856
6,1.0,0.9861111044883728,1.6361092329025269
7,1.0,0.9861111044883728,2.128082275390625
8,1.0,0.9861111044883728,1.4524238109588623
9,1.0,0.9861111044883728,1.695954442024231
