,train_acc,test_acc,p_norm
0,1.0,0.9666666984558105,4.008110523223877
1,0.9895833730697632,0.9666666984558105,3.7254316806793213
2,1.0,0.9666666984558105,3.732595443725586
3,1.0,0.9666666984558105,3.683736801147461
4,1.0,0.9666666984558105,3.5129096508026123
5,1.0,0.9666666984558105,3.1406097412109375
6,0.9895833730697632,0.9666666984558105,3.691288948059082
7,1.0,0.9666666984558105,3.8755197525024414
8,1.0,0.9333333969116211,3.3238978385925293
9,1.0,1.0,3.389371156692505
