,train_acc,test_acc,p_norm
0,1.0,0.98333340883255,2.513901948928833
1,1.0,1.0,2.819502592086792
2,1.0,1.0,2.6950347423553467
3,1.0,1.0,2.3794305324554443
4,1.0,0.98333340883255,1.9944013357162476
5,1.0,1.0,1.9470727443695068
6,1.0,1.0,2.4465763568878174
7,1.0,1.0,2.8104305267333984
8,1.0,1.0,2.6885836124420166
9,1.0,1.0,2.485375165939331
