,train_acc,test_acc,p_norm
0,1.0,0.6592592597007751,1.3263227939605713
1,1.0,0.7925925850868225,1.3266689777374268
2,1.0,0.8296296000480652,1.2747710943222046
3,1.0,0.8444444537162781,1.3459709882736206
4,1.0,0.7925925850868225,1.503496766090393
5,1.0,0.7037037014961243,1.3464704751968384
6,1.0,0.8444444537162781,1.4767401218414307
7,1.0,0.9037036895751953,1.533218502998352
8,1.0,0.770370364189148,1.5837363004684448
9,1.0,0.8444444537162781,1.372249722480774
