,train_acc,test_acc,p_norm
0,1.0,0.9666666984558105,3.3072729110717773
1,1.0,0.9666666984558105,2.768202543258667
2,1.0,1.0,3.551163911819458
3,1.0,0.9333333969116211,3.2619986534118652
4,1.0,0.9666666984558105,2.9388267993927
5,1.0,0.9333333969116211,3.153019666671753
6,1.0,0.9666666984558105,3.1539220809936523
7,0.9895833730697632,0.9666666984558105,3.089343547821045
8,1.0,0.9666666984558105,3.498934030532837
9,0.9895833730697632,0.9666666984558105,3.1189582347869873
