,train_acc,test_acc,p_norm
0,1.0,0.9083333611488342,0.5372849702835083
1,1.0,0.9083333611488342,0.495215505361557
2,1.0,0.9083333611488342,0.5489256381988525
3,1.0,0.8833333849906921,0.401636004447937
4,1.0,0.9250000715255737,0.5093657970428467
5,1.0,0.9000000357627869,0.5583660006523132
6,1.0,0.9416667222976685,0.5810033679008484
7,1.0,0.8666667342185974,0.4950830042362213
8,1.0,0.9333333969116211,0.4857138991355896
9,1.0,0.8833333849906921,0.4913979172706604
