,train_acc,test_acc,p_norm
0,0.9895833730697632,1.0,4.4412384033203125
1,0.9791666865348816,0.9333333969116211,4.095057010650635
2,0.9895833730697632,0.9666666984558105,3.5741982460021973
3,1.0,0.9666666984558105,3.9970812797546387
4,0.9791666865348816,1.0,3.7969303131103516
5,1.0,0.9666666984558105,3.339242696762085
6,1.0,0.9666666984558105,3.3271608352661133
7,1.0,0.9666666984558105,3.848053455352783
8,1.0,0.9666666984558105,3.7202396392822266
9,1.0,1.0,4.202410697937012
