,train_acc,test_acc,p_norm
0,1.0,0.8296296000480652,0.6367631554603577
1,1.0,0.8074073791503906,0.687315821647644
2,1.0,0.6962962746620178,0.661228597164154
3,1.0,0.7629629373550415,0.5657069683074951
4,1.0,0.7481481432914734,0.5465958714485168
5,1.0,0.8074073791503906,0.4949137270450592
6,1.0,0.6962962746620178,0.7037777304649353
7,1.0,0.8740740418434143,0.7933207154273987
8,1.0,0.8296296000480652,0.7192798256874084
9,1.0,0.7407407164573669,0.6266032457351685
