,train_acc,test_acc,p_norm
0,1.0,0.8592592477798462,3.830556631088257
1,1.0,0.8888888955116272,1.8630796670913696
2,0.8333333730697632,0.7333333492279053,1.98686683177948
3,1.0,0.8370370268821716,2.3376216888427734
4,0.9166666865348816,0.5333333015441895,1.831860899925232
5,1.0,0.8444444537162781,1.69809091091156
6,1.0,0.6222221851348877,1.5397084951400757
7,1.0,0.6370370388031006,2.1896474361419678
8,1.0,0.5703703761100769,2.7820050716400146
9,1.0,0.585185170173645,2.335679054260254
