,train_acc,test_acc,p_norm
0,0.9895833730697632,1.0,3.3846166133880615
1,1.0,1.0,3.4477527141571045
2,0.9791666865348816,0.9666666984558105,3.072638750076294
3,0.9895833730697632,1.0,3.4455888271331787
4,1.0,1.0,4.0117950439453125
5,1.0,0.9666666984558105,3.5789661407470703
6,0.9895833730697632,0.9666666984558105,2.8711721897125244
7,0.9895833730697632,0.9666666984558105,3.443648099899292
8,1.0,0.9333333969116211,2.940540313720703
9,0.9895833730697632,1.0,3.423079252243042
