,train_acc,test_acc,p_norm
0,1.0,0.7851851582527161,0
1,1.0,0.8740740418434143,0
2,1.0,0.8074073791503906,0
3,1.0,0.7037037014961243,0
4,1.0,0.8074073791503906,0
5,1.0,0.8592592477798462,0
6,1.0,0.8666666746139526,0
7,1.0,0.8814814686775208,0
8,1.0,0.7851851582527161,0
9,1.0,0.8074073791503906,0
