,train_acc,test_acc,p_norm
0,1.0,0.8750000596046448,0.5038318037986755
1,1.0,0.8333333730697632,0.5334664583206177
2,1.0,0.9000000357627869,0.5128651261329651
3,1.0,0.8583333492279053,0.5028055310249329
4,1.0,0.8833333849906921,0.4980032742023468
5,1.0,0.8916667103767395,0.5417830348014832
6,1.0,0.9000000357627869,0.4953235387802124
7,1.0,0.9083333611488342,0.5077835321426392
8,1.0,0.8083333969116211,0.49050047993659973
9,1.0,0.9166666865348816,0.5523434281349182
