,train_acc,test_acc,p_norm
0,1.0,0.944444477558136,0.566271185874939
1,1.0,0.9555555582046509,0.6043387055397034
2,1.0,0.944444477558136,0.6038295030593872
3,1.0,0.944444477558136,0.5827317833900452
4,1.0,0.9555555582046509,0.5740627646446228
5,1.0,0.9555555582046509,0.5410561561584473
6,1.0,0.9666666984558105,0.6234139800071716
7,1.0,0.9666666984558105,0.5686346888542175
8,1.0,0.9666666984558105,0.5740216970443726
9,1.0,0.9777777791023254,0.5810287594795227
