,train_acc,test_acc,p_norm
0,1.0,0.6962962746620178,0.838375985622406
1,1.0,0.5629629492759705,0.7949074506759644
2,1.0,0.8074073791503906,0.8102673888206482
3,1.0,0.770370364189148,0.8599461317062378
4,1.0,0.7481481432914734,0.7790906429290771
5,1.0,0.7037037014961243,0.6319977641105652
6,1.0,0.6592592597007751,0.686737060546875
7,1.0,0.8222222328186035,0.8199386596679688
8,1.0,0.6444444060325623,0.7073037624359131
9,1.0,0.6888888478279114,0.795229434967041
