,train_acc,test_acc,p_norm
0,1.0,0.6592592597007751,0.7220146059989929
1,1.0,0.6444444060325623,0.8519033789634705
2,1.0,0.800000011920929,0.666584312915802
3,1.0,0.8592592477798462,0.8081442713737488
4,1.0,0.7333333492279053,0.8801268935203552
5,1.0,0.8444444537162781,0.9288743138313293
6,1.0,0.8814814686775208,0.9241008758544922
7,1.0,0.9111111164093018,0.8352598547935486
8,1.0,0.8666666746139526,0.7303781509399414
9,1.0,0.6888888478279114,0.8306233286857605
