,train_acc,test_acc,p_norm
0,0.9904762506484985,1.0,0
1,0.9904762506484985,1.0,0
2,0.9904762506484985,1.0,0
3,0.9904762506484985,1.0,0
4,0.9904762506484985,1.0,0
5,0.9904762506484985,1.0,0
6,0.9904762506484985,1.0,0
7,1.0,1.0,0
8,0.9904762506484985,1.0,0
9,0.9904762506484985,1.0,0
