,train_acc,test_acc,p_norm
0,1.0,1.0,2.723297119140625
1,1.0,1.0,2.7557687759399414
2,1.0,1.0,2.5292184352874756
3,1.0,1.0,2.5925495624542236
4,1.0,1.0,2.7196967601776123
5,1.0,1.0,2.609591007232666
6,1.0,1.0,2.9466516971588135
7,1.0,1.0,3.2107901573181152
8,1.0,1.0,2.6495747566223145
9,1.0,1.0,2.8285226821899414
