,train_acc,test_acc,p_norm
0,1.0,0.9866666793823242,0.6507880687713623
1,1.0,0.9866666793823242,0.6378957629203796
2,1.0,0.9866666793823242,0.6791684031486511
3,1.0,0.9866666793823242,0.6481976509094238
4,1.0,0.9733333587646484,0.6495519876480103
5,0.98333340883255,0.9466667175292969,0.6413561701774597
6,1.0,0.9866666793823242,0.6477814316749573
7,1.0,0.9733333587646484,0.6339117884635925
8,1.0,0.9866666793823242,0.6518828272819519
9,1.0,0.9866666793823242,0.6639001369476318
