,train_acc,test_acc,p_norm
0,1.0,0.9866666793823242,0.6759207844734192
1,1.0,0.9866666793823242,0.6536559462547302
2,1.0,0.9733333587646484,0.6421114802360535
3,1.0,0.9866666793823242,0.627409815788269
4,1.0,0.9600000381469727,0.6676511764526367
5,1.0,0.9733333587646484,0.6830576658248901
6,1.0,1.0,0.6628114581108093
7,1.0,0.9866666793823242,0.7259199619293213
8,1.0,0.9733333587646484,0.6589347720146179
9,0.98333340883255,0.9866666793823242,0.6534766554832458
