,train_acc,test_acc,p_norm
0,1.0,0.7629629373550415,1.5960495471954346
1,1.0,0.6074073910713196,2.267245054244995
2,1.0,0.7037037014961243,1.8876686096191406
3,1.0,0.7037037014961243,1.6741161346435547
4,1.0,0.800000011920929,2.2482128143310547
5,1.0,0.8444444537162781,2.197099208831787
6,1.0,0.585185170173645,1.7886179685592651
7,1.0,0.7925925850868225,1.8368542194366455
8,1.0,0.8962962627410889,2.3805317878723145
9,1.0,0.8444444537162781,2.1393706798553467
