,train_acc,test_acc,p_norm
0,1.0,0.9000000357627869,0.4683690667152405
1,1.0,0.9000000357627869,0.4832848906517029
2,1.0,0.9250000715255737,0.4563097059726715
3,1.0,0.8916667103767395,0.4719538390636444
4,1.0,0.9166666865348816,0.4866873621940613
5,1.0,0.9250000715255737,0.49305373430252075
6,1.0,0.8750000596046448,0.49594712257385254
7,1.0,0.9083333611488342,0.42593324184417725
8,1.0,0.8666667342185974,0.4654907286167145
9,1.0,0.8666667342185974,0.47592681646347046
