,train_acc,test_acc,p_norm
0,1.0,1.0,3.0695974826812744
1,1.0,1.0,2.90804386138916
2,0.9916667342185974,1.0,4.204267501831055
3,0.9916667342185974,1.0,3.5356879234313965
4,0.9916667342185974,1.0,5.215347766876221
5,1.0,1.0,4.030689239501953
6,1.0,1.0,4.276852130889893
7,0.9916667342185974,1.0,2.731005907058716
8,0.9916667342185974,1.0,4.128800392150879
9,1.0,1.0,2.9746904373168945
