,train_acc,test_acc,p_norm
0,1.0,0.9791666865348816,1.787878155708313
1,1.0,0.9583333730697632,2.885880708694458
2,1.0,0.96875,1.711342692375183
3,1.0,0.9791666865348816,1.2904589176177979
4,1.0,0.9270833730697632,2.1753032207489014
5,1.0,0.96875,2.0812177658081055
6,1.0,0.9375,2.335024356842041
7,1.0,0.96875,2.4047775268554688
8,1.0,0.9791666865348816,2.4422900676727295
9,1.0,0.96875,3.2224080562591553
