,train_acc,test_acc,p_norm
0,0.9904762506484985,1.0,2.514009475708008
1,0.9904762506484985,1.0,2.968571901321411
2,1.0,1.0,2.5514988899230957
3,1.0,1.0,3.182579517364502
4,0.9904762506484985,1.0,3.0285117626190186
5,0.9904762506484985,1.0,3.0683059692382812
6,1.0,1.0,2.508450984954834
7,0.9904762506484985,1.0,3.540151596069336
8,0.9904762506484985,1.0,3.668663501739502
9,0.9904762506484985,1.0,2.8458690643310547
