,train_acc,test_acc,p_norm
0,1.0,0.8611111044883728,2.861966848373413
1,1.0,0.8888888955116272,1.8671318292617798
2,1.0,0.9351851940155029,1.925783634185791
3,1.0,0.8518518805503845,2.0736026763916016
4,1.0,0.7685185074806213,1.7541102170944214
5,1.0,0.9166666865348816,1.7829725742340088
6,1.0,0.9722222089767456,1.204511046409607
7,1.0,0.944444477558136,1.9995559453964233
8,1.0,0.9537037014961243,2.254791259765625
9,1.0,0.9907407760620117,1.727583408355713
