,train_acc,test_acc,p_norm
0,0.9895833730697632,1.0,2.944594144821167
1,1.0,0.9666666984558105,3.6740942001342773
2,1.0,1.0,2.9607508182525635
3,1.0,0.9666666984558105,4.131878852844238
4,0.9791666865348816,0.9666666984558105,3.7322840690612793
5,1.0,1.0,3.899780750274658
6,1.0,0.9666666984558105,3.2220582962036133
7,1.0,1.0,3.8442370891571045
8,1.0,1.0,3.1941943168640137
9,1.0,0.9666666984558105,3.102529287338257
