,train_acc,test_acc,p_norm
0,0.98333340883255,0.9861111044883728,2.1630935668945312
1,1.0,0.9861111044883728,2.001741647720337
2,1.0,0.9861111044883728,1.7750253677368164
3,1.0,0.9861111044883728,2.1323978900909424
4,1.0,0.9861111044883728,2.295900583267212
5,1.0,0.9861111044883728,2.1157848834991455
6,1.0,0.9722222089767456,1.8478773832321167
7,1.0,0.9861111044883728,2.706136703491211
8,1.0,0.9722222089767456,1.8686927556991577
9,0.98333340883255,0.9583333134651184,2.415515899658203
