,train_acc,test_acc,p_norm
0,0.9904762506484985,1.0,2.161123037338257
1,0.9904762506484985,1.0,2.1632728576660156
2,0.9809524416923523,1.0,2.1650102138519287
3,0.9904762506484985,1.0,2.2819631099700928
4,1.0,1.0,1.995612621307373
5,1.0,1.0,2.3827176094055176
6,0.9904762506484985,1.0,2.380385398864746
7,1.0,1.0,2.1362149715423584
8,1.0,1.0,1.9347038269042969
9,0.9904762506484985,1.0,2.1076197624206543
