,train_acc,test_acc,p_norm
0,1.0,0.9666666984558105,0.4878568649291992
1,1.0,0.9000000357627869,0.503128170967102
2,1.0,0.9416667222976685,0.5350847840309143
3,1.0,0.9583333730697632,0.5158982276916504
4,1.0,0.9166666865348816,0.5063554644584656
5,1.0,0.9583333730697632,0.497882217168808
6,1.0,0.9500000476837158,0.5031318664550781
7,1.0,0.9333333969116211,0.4925824701786041
8,1.0,0.9166666865348816,0.4598502516746521
9,1.0,0.9000000357627869,0.5237913727760315
