,train_acc,test_acc,p_norm
0,1.0,0.8518518209457397,0.8145265579223633
1,1.0,0.6666666269302368,0.8178510069847107
2,1.0,0.5703703761100769,0.7380329370498657
3,1.0,0.7037037014961243,0.7512688636779785
4,1.0,0.6814814805984497,0.8242685198783875
5,1.0,0.6666666269302368,0.807929277420044
6,1.0,0.8518518209457397,0.756714940071106
7,1.0,0.8444444537162781,0.9388138055801392
8,1.0,0.5925925970077515,0.9400624632835388
9,1.0,0.7629629373550415,0.7796224355697632
