,train_acc,test_acc,p_norm
0,1.0,0.9642857313156128,4.10634183883667
1,1.0,0.9761905074119568,3.633756160736084
2,1.0,0.9880952835083008,3.5342957973480225
3,1.0,0.9523809552192688,3.078195095062256
4,1.0,0.9523809552192688,3.153202772140503
5,1.0,0.9880952835083008,2.7011585235595703
6,1.0,0.9880952835083008,2.4044697284698486
7,1.0,0.9761905074119568,3.241098642349243
8,0.9777777791023254,1.0,2.813196897506714
9,1.0,0.9523809552192688,2.995821237564087
