,train_acc,test_acc,p_norm
0,1.0,0.9583333730697632,1.3529059886932373
1,1.0,0.9270833730697632,2.0365636348724365
2,1.0,0.9791666865348816,1.397580862045288
3,1.0,0.96875,1.4513263702392578
4,1.0,0.96875,1.490224003791809
5,1.0,0.9270833730697632,1.5926625728607178
6,1.0,0.8854166865348816,1.886885166168213
7,1.0,0.96875,2.1110780239105225
8,1.0,0.9479166865348816,1.4551721811294556
9,1.0,0.9791666865348816,1.478920578956604
