,train_acc,test_acc,p_norm
0,1.0,1.0,3.1091794967651367
1,0.9916667342185974,1.0,2.9250893592834473
2,1.0,1.0,2.348193645477295
3,1.0,1.0,2.443819046020508
4,1.0,1.0,2.5909924507141113
5,1.0,1.0,2.8210837841033936
6,1.0,1.0,3.2053942680358887
7,1.0,1.0,2.6251380443573
8,1.0,1.0,2.938760280609131
9,1.0,1.0,3.425693988800049
