,train_acc,test_acc,p_norm
0,0.9895833730697632,1.0,1.4980933666229248
1,1.0,0.9333333969116211,1.3781287670135498
2,1.0,0.9333333969116211,2.1080641746520996
3,1.0,1.0,1.9441312551498413
4,1.0,1.0,1.768919587135315
5,1.0,0.9666666984558105,2.382211208343506
6,0.9895833730697632,1.0,2.185438871383667
7,0.9895833730697632,0.9333333969116211,1.911193609237671
8,1.0,0.9666666984558105,1.832089900970459
9,0.9895833730697632,1.0,2.2771835327148438
