,train_acc,test_acc,p_norm
0,0.3185185194015503,0.30974358320236206,788.9931030273438
