,train_acc,test_acc,p_norm
0,1.0,0.7629629373550415,0.7621415257453918
1,1.0,0.6814814805984497,0.672971248626709
2,1.0,0.6740740537643433,0.6871041655540466
3,1.0,0.8222222328186035,0.5993717312812805
4,1.0,0.7851851582527161,0.7360090017318726
5,1.0,0.7555555701255798,0.7145067453384399
6,1.0,0.5999999642372131,0.779778003692627
7,1.0,0.7777777910232544,0.7695521116256714
8,1.0,0.6962962746620178,0.7827315926551819
9,1.0,0.585185170173645,0.7019945383071899
