,train_acc,test_acc,p_norm
0,1.0,0.9666666984558105,1.7360395193099976
1,0.9895833730697632,1.0,1.8703418970108032
2,1.0,0.9666666984558105,1.4991313219070435
3,1.0,1.0,2.1600399017333984
4,1.0,1.0,1.871934175491333
5,1.0,0.9666666984558105,1.5154870748519897
6,1.0,0.9666666984558105,1.8862810134887695
7,1.0,1.0,2.0097954273223877
8,1.0,1.0,1.6866711378097534
9,1.0,1.0,2.1727731227874756
