,train_acc,test_acc,p_norm
0,1.0,0.9166666865348816,0.4308241307735443
1,1.0,0.8750000596046448,0.4129708707332611
2,1.0,0.9583333730697632,0.45500877499580383
3,1.0,0.9000000357627869,0.42423152923583984
4,1.0,0.9166666865348816,0.46263372898101807
5,1.0,0.9250000715255737,0.4280359447002411
6,1.0,0.8166667222976685,0.4126107096672058
7,1.0,0.8916667103767395,0.38523560762405396
8,1.0,0.9333333969116211,0.44652289152145386
9,1.0,0.9083333611488342,0.422553688287735
