,train_acc,test_acc,p_norm
0,1.0,0.9791666865348816,1.7804027795791626
1,1.0,0.9791666865348816,1.7797249555587769
2,1.0,0.9270833730697632,1.5491573810577393
3,1.0,0.9479166865348816,1.682888388633728
4,1.0,0.9270833730697632,2.178412914276123
5,1.0,0.9270833730697632,1.9656659364700317
6,1.0,0.96875,2.1694822311401367
7,1.0,0.90625,2.6867547035217285
8,1.0,0.9479166865348816,1.8781994581222534
9,1.0,0.9583333730697632,2.012282609939575
