,train_acc,test_acc,p_norm
0,0.9916667342185974,1.0,2.4187519550323486
1,0.9916667342185974,1.0,3.278852701187134
2,0.9916667342185974,1.0,3.3234384059906006
3,0.9916667342185974,1.0,2.7574715614318848
4,1.0,1.0,3.5602879524230957
5,1.0,1.0,2.952247142791748
6,0.9916667342185974,1.0,3.9313650131225586
7,1.0,1.0,3.173017740249634
8,0.9916667342185974,1.0,3.0651650428771973
9,1.0,1.0,4.408487796783447
