,train_acc,test_acc,p_norm
0,0.9904762506484985,1.0,2.7691831588745117
1,0.9904762506484985,1.0,2.344597816467285
2,1.0,1.0,3.422842025756836
3,0.9904762506484985,1.0,3.0246763229370117
4,1.0,1.0,3.7192418575286865
5,0.9904762506484985,1.0,3.0440266132354736
6,0.9904762506484985,1.0,2.821929693222046
7,0.9904762506484985,1.0,2.5303220748901367
8,0.9904762506484985,1.0,3.3129525184631348
9,0.9904762506484985,1.0,2.838855743408203
