,train_acc,test_acc,p_norm
0,1.0,0.9733333587646484,0.6978377103805542
1,1.0,0.9866666793823242,0.6291310787200928
2,1.0,0.9733333587646484,0.6114053130149841
3,1.0,0.9866666793823242,0.6692121028900146
4,1.0,0.9733333587646484,0.6365246176719666
5,1.0,0.9733333587646484,0.6685977578163147
6,1.0,0.9866666793823242,0.626488983631134
7,1.0,0.9600000381469727,0.6468722820281982
8,1.0,0.9866666793823242,0.688648521900177
9,1.0,0.9733333587646484,0.6285984516143799
