,train_acc,test_acc,p_norm
0,1.0,1.0,2.257702350616455
1,1.0,1.0,2.740590810775757
2,1.0,1.0,2.467618703842163
3,1.0,1.0,2.282132387161255
4,1.0,1.0,2.550679922103882
5,1.0,1.0,2.391397476196289
6,1.0,1.0,2.358586072921753
7,1.0,1.0,2.4563236236572266
8,1.0,1.0,2.343926191329956
9,1.0,1.0,2.1972529888153076
