,train_acc,test_acc,p_norm
0,0.33703702688217163,0.3015384376049042,480.9462890625
