,train_acc,test_acc,p_norm
0,0.9666666984558105,0.9733333587646484,0.5743940472602844
1,1.0,0.9866666793823242,0.6003965139389038
2,1.0,0.9600000381469727,0.6033269762992859
3,1.0,0.9733333587646484,0.5715335011482239
4,1.0,0.9866666793823242,0.5644405484199524
5,1.0,0.9600000381469727,0.5678724646568298
6,0.98333340883255,0.9866666793823242,0.6283566951751709
7,1.0,0.9866666793823242,0.5741129517555237
8,1.0,0.9866666793823242,0.5671753287315369
9,1.0,0.9733333587646484,0.5559563636779785
