,train_acc,test_acc,p_norm
0,1.0,0.9000000357627869,0
1,1.0,0.9500000476837158,0
2,1.0,0.9000000357627869,0
3,1.0,0.9000000357627869,0
4,1.0,0.9000000357627869,0
5,1.0,0.9000000357627869,0
6,1.0,0.8916667103767395,0
7,1.0,0.9000000357627869,0
8,1.0,0.9000000357627869,0
9,1.0,0.8833333849906921,0
