,train_acc,test_acc,p_norm
0,0.9166666865348816,0.5185185074806213,0.7396772503852844
1,1.0,0.7111110687255859,1.027537226676941
2,1.0,0.6222221851348877,1.0018690824508667
3,0.8333333730697632,0.5703703761100769,0.6121475696563721
4,1.0,0.8666666746139526,0.6572569608688354
5,1.0,0.8666666746139526,0.828823983669281
6,1.0,0.6444444060325623,0.8556397557258606
7,1.0,0.8518518209457397,1.034790277481079
8,1.0,0.8222222328186035,0.6068710684776306
9,1.0,0.7037037014961243,0.5186695456504822
