,train_acc,test_acc,p_norm
0,1.0,0.7777777910232544,0.6836417317390442
1,1.0,0.7629629373550415,0.724558413028717
2,1.0,0.6740740537643433,0.9071311950683594
3,1.0,0.6444444060325623,0.666313111782074
4,1.0,0.770370364189148,0.7223173975944519
5,1.0,0.8370370268821716,0.535002589225769
6,1.0,0.614814817905426,0.8868343234062195
7,1.0,0.6888888478279114,0.7569978833198547
8,1.0,0.6222221851348877,0.797639787197113
9,1.0,0.5925925970077515,0.6758043169975281
