,train_acc,test_acc,p_norm
0,0.32222220301628113,0.30666664242744446,785.1778564453125
