,train_acc,test_acc,p_norm
0,1.0,0.9666666984558105,0.590410053730011
1,1.0,0.9666666984558105,0.5844686031341553
2,1.0,0.9555555582046509,0.6125869750976562
3,0.9791666865348816,0.9666666984558105,0.5537884831428528
4,1.0,0.9555555582046509,0.5870447158813477
5,1.0,0.9555555582046509,0.6341873407363892
6,1.0,0.9777777791023254,0.5836079716682434
7,1.0,0.944444477558136,0.6143451929092407
8,1.0,0.9555555582046509,0.5667159557342529
9,0.9791666865348816,0.9333333373069763,0.5535205602645874
