,train_acc,test_acc,p_norm
0,1.0,0.8518518209457397,1.6397552490234375
1,1.0,0.8592592477798462,2.673792600631714
2,1.0,0.6888888478279114,3.77305269241333
3,1.0,0.800000011920929,2.0501437187194824
4,1.0,0.800000011920929,2.0173442363739014
5,1.0,0.8592592477798462,1.7846237421035767
6,1.0,0.8814814686775208,2.8915393352508545
7,1.0,0.7185184955596924,1.2621357440948486
8,1.0,0.8592592477798462,2.2913875579833984
9,1.0,0.7259259223937988,1.5989680290222168
