,train_acc,test_acc,p_norm
0,0.9791666865348816,0.9333333373069763,0
1,0.9791666865348816,0.9333333373069763,0
2,0.9791666865348816,0.9333333373069763,0
3,0.9791666865348816,0.9555555582046509,0
4,0.9791666865348816,0.9333333373069763,0
5,0.9791666865348816,0.9000000357627869,0
6,0.9791666865348816,0.9333333373069763,0
7,1.0,0.9333333373069763,0
8,1.0,0.9333333373069763,0
9,1.0,0.9111111164093018,0
