,train_acc,test_acc,p_norm
0,1.0,0.9733333587646484,0.6138560771942139
1,1.0,0.9733333587646484,0.6366203427314758
2,1.0,0.9733333587646484,0.5894772410392761
3,1.0,0.9866666793823242,0.5841163396835327
4,1.0,0.9733333587646484,0.6337839365005493
5,0.98333340883255,0.9733333587646484,0.5730584859848022
6,1.0,0.9733333587646484,0.5895447731018066
7,1.0,0.9866666793823242,0.5928852558135986
8,1.0,0.9733333587646484,0.5822144746780396
9,1.0,0.9733333587646484,0.6365861296653748
