,train_acc,test_acc,p_norm
0,1.0,0.7851851582527161,0.7503026127815247
1,1.0,0.8222222328186035,0.7340320944786072
2,1.0,0.7037037014961243,0.6664718985557556
3,1.0,0.8222222328186035,0.7211060523986816
4,1.0,0.7407407164573669,0.6690194010734558
5,1.0,0.6444444060325623,0.7306855916976929
6,1.0,0.7333333492279053,0.7042702436447144
7,1.0,0.7629629373550415,0.673048198223114
8,1.0,0.7111110687255859,0.7406105399131775
9,1.0,0.6592592597007751,0.6940831542015076
