,train_acc,test_acc,p_norm
0,1.0,0.9666666984558105,3.525981903076172
1,1.0,0.9666666984558105,3.3025214672088623
2,1.0,1.0,3.2380359172821045
3,1.0,0.9666666984558105,3.9208288192749023
4,1.0,0.9666666984558105,3.7282795906066895
5,1.0,0.9666666984558105,3.820128917694092
6,1.0,0.9666666984558105,2.6471564769744873
7,1.0,0.9333333969116211,3.4645931720733643
8,1.0,0.9333333969116211,3.4142370223999023
9,1.0,0.9333333969116211,3.21705961227417
