,train_acc,test_acc,p_norm
0,1.0,0.8888888955116272,3.4449806213378906
1,1.0,0.6074073910713196,2.675854206085205
2,1.0,0.7851851582527161,1.664772391319275
3,1.0,0.8666666746139526,3.4235072135925293
4,1.0,0.6592592597007751,1.1720283031463623
5,1.0,0.8888888955116272,2.4423015117645264
6,1.0,0.5777777433395386,1.4943031072616577
7,1.0,0.9259259104728699,4.163216590881348
8,1.0,0.46666666865348816,1.656118392944336
9,1.0,0.9333333373069763,2.6778836250305176
