,train_acc,test_acc,p_norm
0,1.0,0.9555555582046509,0.5596679449081421
1,1.0,0.9555555582046509,0.5476842522621155
2,0.9791666865348816,0.9333333373069763,0.6260288953781128
3,1.0,0.9777777791023254,0.5555676221847534
4,1.0,0.944444477558136,0.5403521060943604
5,1.0,0.9555555582046509,0.5917337536811829
6,1.0,0.9666666984558105,0.5742771625518799
7,1.0,0.9666666984558105,0.5344633460044861
8,0.9791666865348816,0.9666666984558105,0.5569861531257629
9,1.0,0.9666666984558105,0.5104739665985107
