,train_acc,test_acc,p_norm
0,1.0,0.9733333587646484,0.6608409285545349
1,1.0,0.9733333587646484,0.6630740165710449
2,1.0,0.9733333587646484,0.6822584271430969
3,1.0,0.9733333587646484,0.6882250905036926
4,1.0,0.9733333587646484,0.6864320039749146
5,1.0,0.9866666793823242,0.6437317728996277
6,1.0,0.9733333587646484,0.6988866329193115
7,1.0,0.9866666793823242,0.6446817517280579
8,1.0,0.9733333587646484,0.6559984683990479
9,1.0,0.9733333587646484,0.7138098478317261
