,train_acc,test_acc,p_norm
0,1.0,0.9479166865348816,1.6714024543762207
1,1.0,0.9479166865348816,1.0061739683151245
2,1.0,0.9583333730697632,1.4842146635055542
3,1.0,0.9270833730697632,1.6690399646759033
4,1.0,0.9583333730697632,1.6419939994812012
5,1.0,0.9166666865348816,2.100033760070801
6,1.0,0.9791666865348816,1.2095632553100586
7,1.0,0.9270833730697632,1.476633071899414
8,1.0,0.9791666865348816,1.179597020149231
9,1.0,0.9479166865348816,1.9282948970794678
