,train_acc,test_acc,p_norm
0,1.0,0.940740704536438,2.4929840564727783
1,1.0,0.8666666746139526,2.230097770690918
2,1.0,0.9185184836387634,4.625138759613037
3,1.0,0.8666666746139526,1.7955080270767212
4,1.0,0.6888888478279114,1.8793734312057495
5,1.0,0.8962962627410889,2.847107172012329
6,1.0,0.7037037014961243,3.254739761352539
7,1.0,0.8518518209457397,2.688999652862549
8,1.0,0.8888888955116272,2.0462398529052734
9,1.0,0.9037036895751953,2.0117242336273193
