,train_acc,test_acc,p_norm
0,1.0,0.9761905074119568,1.8642957210540771
1,1.0,0.9642857313156128,1.4495110511779785
2,1.0,0.9642857313156128,1.5648126602172852
3,1.0,0.9761905074119568,1.7181053161621094
4,1.0,0.9761905074119568,1.7481063604354858
5,1.0,0.9880952835083008,1.68524169921875
6,1.0,0.9761905074119568,1.923305869102478
7,1.0,0.9880952835083008,1.3092972040176392
8,1.0,0.9404761791229248,1.3128902912139893
9,1.0,0.9761905074119568,1.7115713357925415
