,train_acc,test_acc,p_norm
0,1.0,1.0,2.1097211837768555
1,1.0,1.0,2.3207509517669678
2,1.0,1.0,2.472653388977051
3,1.0,1.0,1.9189587831497192
4,1.0,1.0,3.1908035278320312
5,1.0,1.0,2.347609043121338
6,1.0,1.0,1.8508572578430176
7,1.0,1.0,2.003593683242798
8,1.0,1.0,2.088810682296753
9,1.0,1.0,2.1080315113067627
