,train_acc,test_acc,p_norm
0,1.0,0.8444444537162781,1.2756004333496094
1,1.0,0.8296296000480652,2.0205304622650146
2,1.0,0.6370370388031006,2.442185640335083
3,1.0,0.5481481552124023,1.5742768049240112
4,1.0,0.6962962746620178,1.9330596923828125
5,1.0,0.8814814686775208,1.4725918769836426
6,1.0,0.8296296000480652,2.2053744792938232
7,1.0,0.8814814686775208,1.1623406410217285
8,1.0,0.7481481432914734,1.6119269132614136
9,1.0,0.8592592477798462,1.612561583518982
