,train_acc,test_acc,p_norm
0,1.0,0.9861111044883728,2.186000108718872
1,1.0,1.0,2.7472524642944336
2,1.0,0.9861111044883728,2.4974312782287598
3,1.0,0.9722222089767456,3.7827186584472656
4,0.98333340883255,1.0,2.690648317337036
5,1.0,0.9583333134651184,2.81858229637146
6,1.0,1.0,3.20629620552063
7,1.0,0.9722222089767456,2.483879804611206
8,1.0,0.9861111044883728,2.7123234272003174
9,1.0,1.0,2.1314103603363037
