,train_acc,test_acc,p_norm
0,1.0,0.9733333587646484,0.686790406703949
1,1.0,0.9733333587646484,0.7107762694358826
2,1.0,0.9866666793823242,0.7250533103942871
3,0.98333340883255,0.9733333587646484,0.6919763684272766
4,1.0,0.9733333587646484,0.6615589261054993
5,1.0,0.9733333587646484,0.7973616719245911
6,1.0,0.9733333587646484,0.6775078177452087
7,0.9666666984558105,0.9733333587646484,0.7075902819633484
8,1.0,0.9733333587646484,0.6868815422058105
9,1.0,0.9733333587646484,0.6706652045249939
