,train_acc,test_acc,p_norm
0,1.0,0.9583333730697632,0.5420984029769897
1,1.0,0.9500000476837158,0.4862777888774872
2,1.0,0.9333333969116211,0.4996979832649231
3,1.0,0.9750000238418579,0.5361081957817078
4,1.0,0.9166666865348816,0.525110125541687
5,1.0,0.9083333611488342,0.5421801209449768
6,1.0,0.9750000238418579,0.46756431460380554
7,1.0,0.9416667222976685,0.5208026766777039
8,1.0,0.8750000596046448,0.5558443665504456
9,1.0,0.8916667103767395,0.5178947448730469
