,train_acc,test_acc,p_norm
0,1.0,1.0,3.3804521560668945
1,1.0,0.9333333969116211,2.4078946113586426
2,1.0,0.9333333969116211,2.200195550918579
3,1.0,0.9666666984558105,2.3025612831115723
4,1.0,0.9666666984558105,2.230485439300537
5,1.0,0.9333333969116211,1.9035873413085938
6,1.0,0.9666666984558105,2.3946533203125
7,1.0,0.9333333969116211,2.3003427982330322
8,1.0,0.9333333969116211,2.6794826984405518
9,1.0,0.9333333969116211,2.393606424331665
