,train_acc,test_acc,p_norm
0,1.0,1.0,1.5587199926376343
1,1.0,0.9333333969116211,1.8201454877853394
2,1.0,0.9666666984558105,1.259577751159668
3,1.0,1.0,1.218091368675232
4,1.0,0.9666666984558105,1.3720697164535522
5,1.0,0.9333333969116211,1.6014848947525024
6,1.0,0.9666666984558105,1.5968378782272339
7,1.0,0.9333333969116211,1.6468899250030518
8,1.0,0.9666666984558105,1.2606348991394043
9,1.0,0.9666666984558105,1.7537206411361694
