,train_acc,test_acc,p_norm
0,1.0,1.0,2.377892255783081
1,1.0,1.0,2.664248466491699
2,1.0,1.0,3.2035043239593506
3,1.0,1.0,2.6560885906219482
4,1.0,1.0,2.783555030822754
5,1.0,1.0,2.9062235355377197
6,1.0,1.0,2.650301218032837
7,1.0,1.0,3.0042505264282227
8,1.0,1.0,2.816655397415161
9,1.0,1.0,2.506448745727539
