,train_acc,test_acc,p_norm
0,1.0,1.0,1.8094843626022339
1,1.0,0.98333340883255,2.2157795429229736
2,1.0,1.0,1.7325865030288696
3,1.0,1.0,2.124206304550171
4,1.0,0.98333340883255,2.4655745029449463
5,1.0,1.0,2.220477342605591
6,1.0,1.0,2.314577341079712
7,1.0,1.0,2.133737087249756
8,1.0,1.0,1.880486011505127
9,1.0,1.0,2.2796339988708496
