,train_acc,test_acc,p_norm
0,1.0,0.8666666746139526,0.7266231775283813
1,1.0,0.8370370268821716,0.9173294305801392
2,1.0,0.8666666746139526,1.0187163352966309
3,1.0,0.7111110687255859,0.7354849576950073
4,1.0,0.614814817905426,0.7674062252044678
5,1.0,0.8148148059844971,0.7928704619407654
6,1.0,0.8962962627410889,1.0223898887634277
7,1.0,0.8518518209457397,1.1288000345230103
8,1.0,0.770370364189148,0.8003298044204712
9,1.0,0.6592592597007751,1.0278425216674805
