,train_acc,test_acc,p_norm
0,1.0,1.0,2.5800037384033203
1,1.0,0.9333333969116211,2.232839345932007
2,1.0,1.0,2.498257637023926
3,1.0,0.9333333969116211,2.35274600982666
4,1.0,0.9333333969116211,2.010946750640869
5,1.0,0.9333333969116211,2.0853421688079834
6,1.0,1.0,1.8453829288482666
7,0.9895833730697632,1.0,2.343837261199951
8,1.0,1.0,2.3595104217529297
9,1.0,1.0,2.0593788623809814
