,train_acc,test_acc,p_norm
0,1.0,0.9733333587646484,0.656804084777832
1,1.0,0.9866666793823242,0.6290056109428406
2,1.0,0.9733333587646484,0.7180172204971313
3,1.0,0.9733333587646484,0.6637388467788696
4,1.0,0.9866666793823242,0.6582261919975281
5,0.98333340883255,0.9866666793823242,0.6572281122207642
6,1.0,0.9733333587646484,0.6951121091842651
7,1.0,0.9866666793823242,0.6385678052902222
8,1.0,0.9733333587646484,0.6745147109031677
9,0.98333340883255,0.9733333587646484,0.6449085474014282
