,train_acc,test_acc,p_norm
0,0.98333340883255,0.9733333587646484,0.6239816546440125
1,1.0,0.9866666793823242,0.663443386554718
2,1.0,0.9733333587646484,0.5924505591392517
3,1.0,0.9733333587646484,0.652275025844574
4,1.0,0.9866666793823242,0.6215269565582275
5,1.0,0.9866666793823242,0.6219500303268433
6,1.0,0.9733333587646484,0.7303574681282043
7,1.0,0.9733333587646484,0.5973654985427856
8,1.0,0.9733333587646484,0.6037288308143616
9,0.98333340883255,0.9733333587646484,0.6590198278427124
