,train_acc,test_acc,p_norm
0,1.0,0.8148148059844971,0.7122700214385986
1,1.0,0.7333333492279053,0.8161512613296509
2,1.0,0.8148148059844971,0.8317910432815552
3,1.0,0.770370364189148,0.7174454927444458
4,1.0,0.8444444537162781,0.8968020677566528
5,1.0,0.7629629373550415,0.9105203151702881
6,1.0,0.7851851582527161,0.9586206674575806
7,1.0,0.7481481432914734,0.7470133304595947
8,1.0,0.7259259223937988,0.806485652923584
9,1.0,0.6888888478279114,0.7464067339897156
