,train_acc,test_acc,p_norm
0,1.0,0.5999999642372131,2.333916187286377
1,1.0,0.8444444537162781,1.6738183498382568
2,1.0,0.8518518209457397,1.3225356340408325
3,1.0,0.8740740418434143,1.9800689220428467
4,1.0,0.6296296119689941,1.3200254440307617
5,1.0,0.8962962627410889,1.5701360702514648
6,1.0,0.5999999642372131,1.7494206428527832
7,1.0,0.585185170173645,1.2327301502227783
8,1.0,0.8370370268821716,1.7107551097869873
9,1.0,0.8814814686775208,1.461011290550232
