,train_acc,test_acc,p_norm
0,1.0,0.800000011920929,0.7564924955368042
1,1.0,0.7185184955596924,0.8264042735099792
2,1.0,0.7851851582527161,0.8134358525276184
3,1.0,0.7111110687255859,1.1517058610916138
4,1.0,0.8074073791503906,0.7355675101280212
5,1.0,0.8222222328186035,1.4736270904541016
6,1.0,0.4814814627170563,0.8987144827842712
7,1.0,0.8518518209457397,0.9582980275154114
8,1.0,0.6074073910713196,0.8908048868179321
9,1.0,0.5777777433395386,0.937771737575531
