,train_acc,test_acc,p_norm
0,1.0,0.5777777433395386,2.2414751052856445
1,1.0,0.8888888955116272,2.4626028537750244
2,1.0,0.8148148059844971,1.9579099416732788
3,1.0,0.5333333015441895,2.2872745990753174
4,1.0,0.6296296119689941,2.0199828147888184
5,1.0,0.5037037134170532,1.9425410032272339
6,1.0,0.8222222328186035,2.676710844039917
7,1.0,0.8592592477798462,2.31384539604187
8,1.0,0.6814814805984497,1.8219852447509766
9,1.0,0.8888888955116272,3.1217756271362305
