,train_acc,test_acc,p_norm
0,1.0,0.9000000357627869,0.47060757875442505
1,1.0,0.9333333969116211,0.47283393144607544
2,1.0,0.9166666865348816,0.45286205410957336
3,1.0,0.9083333611488342,0.445417582988739
4,1.0,0.9000000357627869,0.4701205790042877
5,1.0,0.9166666865348816,0.45408040285110474
6,1.0,0.9416667222976685,0.4562487006187439
7,1.0,0.9000000357627869,0.47106802463531494
8,1.0,0.9416667222976685,0.49860459566116333
9,1.0,0.9000000357627869,0.47479191422462463
