,train_acc,test_acc,p_norm
0,1.0,0.9270833730697632,1.4503636360168457
1,1.0,0.9791666865348816,1.7672895193099976
2,1.0,0.96875,1.7436162233352661
3,1.0,0.96875,1.6307907104492188
4,1.0,0.9479166865348816,1.1907472610473633
5,1.0,0.9166666865348816,1.3063054084777832
6,1.0,0.9375,1.3236039876937866
7,1.0,0.9583333730697632,1.0981162786483765
8,1.0,0.9479166865348816,1.613848090171814
9,1.0,0.9895833730697632,1.039311408996582
