,train_acc,test_acc,p_norm
0,1.0,0.8814814686775208,2.488055944442749
1,1.0,0.7629629373550415,1.4707835912704468
2,1.0,0.8592592477798462,1.7332504987716675
3,1.0,0.8074073791503906,1.8773823976516724
4,1.0,0.7629629373550415,1.6806368827819824
5,1.0,0.9037036895751953,1.9889757633209229
6,1.0,0.8666666746139526,1.9506185054779053
7,1.0,0.9037036895751953,1.8277437686920166
8,1.0,0.7259259223937988,1.6596171855926514
9,1.0,0.8370370268821716,1.8054289817810059
