,train_acc,test_acc,p_norm
0,1.0,1.0,1.978439211845398
1,0.9904762506484985,1.0,2.2134311199188232
2,1.0,1.0,2.8730006217956543
3,1.0,1.0,2.2723336219787598
4,0.9904762506484985,1.0,2.3251760005950928
5,0.9904762506484985,1.0,2.343942880630493
6,0.9904762506484985,1.0,1.928571105003357
7,1.0,1.0,3.1136035919189453
8,0.9904762506484985,1.0,2.142789125442505
9,0.9904762506484985,1.0,2.3148252964019775
