,train_acc,test_acc,p_norm
0,0.37037035822868347,0.32615384459495544,487.7450866699219
