,train_acc,test_acc,p_norm
0,1.0,0.9166666865348816,0.43380382657051086
1,1.0,0.9250000715255737,0.4001923203468323
2,1.0,0.9416667222976685,0.45739904046058655
3,1.0,0.8916667103767395,0.3783137798309326
4,1.0,0.8916667103767395,0.432072252035141
5,1.0,0.8833333849906921,0.43847599625587463
6,1.0,0.9083333611488342,0.430441677570343
7,1.0,0.8833333849906921,0.3859129846096039
8,1.0,0.8666667342185974,0.4272938668727875
9,1.0,0.9333333969116211,0.42595645785331726
