,train_acc,test_acc,p_norm
0,1.0,0.5259259343147278,2.439915418624878
1,1.0,0.8148148059844971,1.8370615243911743
2,1.0,0.8592592477798462,1.9155092239379883
3,1.0,0.8814814686775208,2.886216402053833
4,0.9166666865348816,0.4962962865829468,3.9740149974823
5,1.0,0.8666666746139526,2.444204807281494
6,1.0,0.7629629373550415,3.0234525203704834
7,1.0,0.8370370268821716,2.3432421684265137
8,1.0,0.6666666269302368,2.1990885734558105
9,1.0,0.9111111164093018,1.9168163537979126
