,train_acc,test_acc,p_norm
0,1.0,0.9733333587646484,0.7338836193084717
1,1.0,0.9733333587646484,0.6428098678588867
2,1.0,0.9733333587646484,0.6749891042709351
3,1.0,0.9733333587646484,0.6553581357002258
4,0.98333340883255,0.9600000381469727,0.6867935061454773
5,1.0,0.9866666793823242,0.6534890532493591
6,1.0,0.9733333587646484,0.6000009775161743
7,1.0,0.9733333587646484,0.666950523853302
8,0.98333340883255,0.9733333587646484,0.6265349984169006
9,1.0,0.9733333587646484,0.6338964104652405
