,train_acc,test_acc,p_norm
0,1.0,0.9083333611488342,0.537390410900116
1,1.0,0.9083333611488342,0.5134955048561096
2,1.0,0.9166666865348816,0.5146831274032593
3,1.0,0.9583333730697632,0.5041605830192566
4,1.0,0.9250000715255737,0.5252695679664612
5,1.0,0.9500000476837158,0.5522719025611877
6,1.0,0.9166666865348816,0.5322458148002625
7,1.0,0.9333333969116211,0.5125572085380554
8,1.0,0.8916667103767395,0.5055878758430481
9,1.0,0.9166666865348816,0.5532851815223694
