,train_acc,test_acc,p_norm
0,1.0,0.9416667222976685,0.4722401797771454
1,1.0,0.9083333611488342,0.514670193195343
2,1.0,0.9166666865348816,0.5307018160820007
3,1.0,0.8916667103767395,0.49862906336784363
4,1.0,0.8833333849906921,0.478048175573349
5,1.0,0.9000000357627869,0.5243047475814819
6,1.0,0.9333333969116211,0.580261766910553
7,1.0,0.8583333492279053,0.4797581136226654
8,1.0,0.9500000476837158,0.48791226744651794
9,1.0,0.8666667342185974,0.506354808807373
