,train_acc,test_acc,p_norm
0,0.9916667342185974,1.0,2.6551387310028076
1,1.0,1.0,3.3613526821136475
2,0.9916667342185974,1.0,2.87774395942688
3,1.0,1.0,2.9768786430358887
4,0.9916667342185974,1.0,2.8349668979644775
5,1.0,1.0,3.1855130195617676
6,1.0,1.0,3.831691026687622
7,0.9916667342185974,1.0,2.582216262817383
8,0.9916667342185974,1.0,2.3932976722717285
9,1.0,1.0,2.817888021469116
