,train_acc,test_acc,p_norm
0,1.0,0.9761905074119568,2.01882004737854
1,1.0,0.9761905074119568,2.2022206783294678
2,1.0,0.9761905074119568,1.5979140996932983
3,1.0,0.9880952835083008,2.176400899887085
4,1.0,0.9880952835083008,2.0907793045043945
5,1.0,1.0,1.682726263999939
6,1.0,0.9880952835083008,2.0458266735076904
7,1.0,0.9642857313156128,2.0300910472869873
8,1.0,1.0,2.0789527893066406
9,1.0,0.9523809552192688,1.6124202013015747
