,train_acc,test_acc,p_norm
0,1.0,0.9555555582046509,1.1654386520385742
1,1.0,0.8296296000480652,1.1950207948684692
2,1.0,0.6518518328666687,1.2899808883666992
3,1.0,0.8814814686775208,1.6324067115783691
4,1.0,0.8962962627410889,1.3090016841888428
5,1.0,0.770370364189148,1.208066463470459
6,1.0,0.9037036895751953,1.3104718923568726
7,1.0,0.9333333373069763,1.2618460655212402
8,1.0,0.9259259104728699,1.2545825242996216
9,1.0,0.7111110687255859,1.2293674945831299
