,train_acc,test_acc,p_norm
0,1.0,0.7851851582527161,0.7533478736877441
1,1.0,0.585185170173645,0.8717276453971863
2,1.0,0.8370370268821716,0.885575532913208
3,1.0,0.5777777433395386,0.9182518720626831
4,1.0,0.7407407164573669,0.8399645686149597
5,1.0,0.7259259223937988,0.8082720041275024
6,1.0,0.6518518328666687,0.7804614901542664
7,1.0,0.9333333373069763,0.8798031210899353
8,1.0,0.7555555701255798,0.8885313868522644
9,1.0,0.5629629492759705,0.9269697070121765
