,train_acc,test_acc,p_norm
0,1.0,0.944444477558136,0.548123300075531
1,1.0,0.9666666984558105,0.5445703268051147
2,1.0,0.9555555582046509,0.6399508714675903
3,1.0,0.9666666984558105,0.5447397232055664
4,0.9791666865348816,0.9666666984558105,0.5905974507331848
5,1.0,0.9777777791023254,0.5426322221755981
6,1.0,0.9666666984558105,0.568245530128479
7,1.0,0.9666666984558105,0.5483379364013672
8,1.0,0.9666666984558105,0.6395966410636902
9,1.0,0.9666666984558105,0.5603247284889221
