,train_acc,test_acc,p_norm
0,1.0,0.8666666746139526,5.382066249847412
1,1.0,0.800000011920929,1.2818509340286255
2,1.0,0.9037036895751953,1.262673020362854
3,1.0,0.8962962627410889,1.2135123014450073
4,1.0,0.8814814686775208,2.449566125869751
5,1.0,0.8296296000480652,2.264997959136963
6,1.0,0.8370370268821716,2.0246407985687256
7,1.0,0.8740740418434143,1.5257034301757812
8,1.0,0.800000011920929,6.598730564117432
9,1.0,0.7481481432914734,2.222072124481201
