,train_acc,test_acc,p_norm
0,1.0,0.6444444060325623,0.8074872493743896
1,1.0,0.5111110806465149,1.1862307786941528
2,1.0,0.8518518209457397,0.8317526578903198
3,1.0,0.8074073791503906,0.5423330664634705
4,1.0,0.8370370268821716,0.6623297929763794
5,1.0,0.8592592477798462,0.854855477809906
6,1.0,0.800000011920929,0.8444269895553589
7,1.0,0.8222222328186035,0.6296071410179138
8,1.0,0.8888888955116272,0.6137726306915283
9,1.0,0.8814814686775208,1.0368062257766724
