,train_acc,test_acc,p_norm
0,1.0,1.0,2.7862460613250732
1,1.0,0.9666666984558105,2.772437810897827
2,0.9791666865348816,0.9666666984558105,4.2055745124816895
3,1.0,0.9666666984558105,2.7335450649261475
4,1.0,0.9333333969116211,2.050351858139038
5,1.0,1.0,2.408867835998535
6,1.0,0.9666666984558105,2.300391674041748
7,1.0,1.0,2.8117053508758545
8,1.0,1.0,2.2601263523101807
9,1.0,0.9333333969116211,2.6659975051879883
