,train_acc,test_acc,p_norm
0,1.0,0.98333340883255,2.9560580253601074
1,1.0,1.0,2.495709180831909
2,1.0,1.0,2.6689884662628174
3,1.0,1.0,2.643383026123047
4,1.0,1.0,2.4425241947174072
5,1.0,1.0,2.7829201221466064
6,1.0,1.0,2.842040777206421
7,1.0,1.0,2.131603717803955
8,1.0,1.0,2.915703296661377
9,1.0,1.0,2.929652214050293
