,train_acc,test_acc,p_norm
0,1.0,0.8740740418434143,0.6777799129486084
1,1.0,0.555555522441864,0.8028454184532166
2,1.0,0.7481481432914734,0.6859115958213806
3,1.0,0.8740740418434143,0.7794200778007507
4,1.0,0.770370364189148,0.9843800663948059
5,1.0,0.6962962746620178,0.9011287093162537
6,1.0,0.6444444060325623,0.7091672420501709
7,1.0,0.7037037014961243,0.7775660753250122
8,1.0,0.8444444537162781,0.8341199159622192
9,1.0,0.7851851582527161,0.6997649073600769
