,train_acc,test_acc,p_norm
0,1.0,0.9666666984558105,0
1,1.0,0.9666666984558105,0
2,1.0,0.9666666984558105,0
3,1.0,0.9333333969116211,0
4,1.0,0.9333333969116211,0
5,1.0,0.9666666984558105,0
6,1.0,0.9666666984558105,0
7,1.0,0.9666666984558105,0
8,1.0,0.9666666984558105,0
9,1.0,0.9666666984558105,0
