,train_acc,test_acc,p_norm
0,1.0,0.5777777433395386,0.9852100610733032
1,1.0,0.7333333492279053,0.6246637105941772
2,1.0,0.6814814805984497,0.9938276410102844
3,1.0,0.8814814686775208,0.9447441101074219
4,1.0,0.6296296119689941,0.8002047538757324
5,1.0,0.7333333492279053,0.9202257990837097
6,1.0,0.585185170173645,0.8785659670829773
7,1.0,0.6962962746620178,1.0224655866622925
8,1.0,0.8666666746139526,0.8082296252250671
9,1.0,0.5407407283782959,0.805003821849823
