,train_acc,test_acc,p_norm
0,1.0,0.9666666984558105,3.0240378379821777
1,1.0,0.9333333969116211,2.294369697570801
2,1.0,0.9333333969116211,2.916914463043213
3,1.0,0.9333333969116211,2.830873966217041
4,1.0,0.9333333969116211,2.7362678050994873
5,1.0,0.9333333969116211,2.4890596866607666
6,1.0,0.9666666984558105,3.417194128036499
7,1.0,1.0,2.7379672527313232
8,1.0,0.9333333969116211,3.645007610321045
9,1.0,0.9666666984558105,2.4405460357666016
