,train_acc,test_acc,p_norm
0,0.9861111044883728,0.98333340883255,0.6450963020324707
1,1.0,0.98333340883255,0.7489252686500549
2,1.0,0.98333340883255,0.7052514553070068
3,0.9861111044883728,0.98333340883255,0.7065312266349792
4,1.0,0.98333340883255,0.7744926810264587
5,0.9861111044883728,0.98333340883255,0.6412522196769714
6,1.0,0.98333340883255,0.703378438949585
7,1.0,0.98333340883255,0.7670695185661316
8,1.0,0.98333340883255,0.919129490852356
9,1.0,0.98333340883255,0.7256197929382324
