,train_acc,test_acc,p_norm
0,1.0,0.9333333969116211,0.5473165512084961
1,1.0,0.9083333611488342,0.5088919401168823
2,1.0,0.9416667222976685,0.493581086397171
3,1.0,0.9416667222976685,0.5189281702041626
4,1.0,0.8916667103767395,0.4402107298374176
5,1.0,0.9166666865348816,0.5283213257789612
6,1.0,0.9166666865348816,0.5275062322616577
7,1.0,0.9000000357627869,0.5237342715263367
8,1.0,0.9166666865348816,0.5591382384300232
9,1.0,0.9333333969116211,0.5893703699111938
