,train_acc,test_acc,p_norm
0,1.0,0.9733333587646484,0.62580806016922
1,1.0,0.9733333587646484,0.6156306266784668
2,1.0,0.9733333587646484,0.6154557466506958
3,1.0,0.9733333587646484,0.627914547920227
4,1.0,0.9866666793823242,0.5555407404899597
5,1.0,0.9733333587646484,0.656579315662384
6,1.0,0.9733333587646484,0.6153199672698975
7,1.0,0.9733333587646484,0.6569908261299133
8,1.0,0.9866666793823242,0.5961487293243408
9,1.0,0.9733333587646484,0.6377971768379211
