,train_acc,test_acc,p_norm
0,1.0,0.98333340883255,1.6704161167144775
1,1.0,0.98333340883255,1.5937563180923462
2,1.0,0.98333340883255,1.8325767517089844
3,1.0,1.0,2.167327404022217
4,1.0,0.98333340883255,1.682258129119873
5,1.0,0.98333340883255,1.5096176862716675
6,1.0,1.0,1.7019028663635254
7,1.0,0.98333340883255,2.009779214859009
8,1.0,0.98333340883255,2.4577744007110596
9,1.0,1.0,1.718233585357666
