,train_acc,test_acc,p_norm
0,1.0,0.8592592477798462,1.770290732383728
1,1.0,0.8370370268821716,2.1530442237854004
2,1.0,0.7037037014961243,1.2073932886123657
3,1.0,0.6666666269302368,2.0808868408203125
4,1.0,0.6074073910713196,1.7051666975021362
5,1.0,0.6962962746620178,1.4865424633026123
6,1.0,0.8518518209457397,1.744735836982727
7,1.0,0.9037036895751953,1.6967847347259521
8,1.0,0.8740740418434143,1.8684443235397339
9,1.0,0.6370370388031006,1.969482660293579
