,train_acc,test_acc,p_norm
0,0.3592592477798462,0.31025639176368713,171.1368865966797
