,train_acc,test_acc,p_norm
0,1.0,0.9861111044883728,2.0685336589813232
1,1.0,0.9861111044883728,1.7178401947021484
2,1.0,0.9861111044883728,1.513771414756775
3,1.0,0.9722222089767456,1.6223170757293701
4,1.0,1.0,2.0155348777770996
5,1.0,0.9861111044883728,2.1097774505615234
6,1.0,0.9861111044883728,2.088165044784546
7,1.0,0.9583333134651184,1.6207438707351685
8,1.0,0.9305555820465088,1.6812262535095215
9,1.0,1.0,1.6468385457992554
