,train_acc,test_acc,p_norm
0,1.0,0.9861111044883728,1.433320164680481
1,1.0,0.9861111044883728,1.9974418878555298
2,1.0,0.9861111044883728,1.2934095859527588
3,1.0,0.9861111044883728,1.7716649770736694
4,1.0,0.9722222089767456,1.3181568384170532
5,1.0,0.9861111044883728,1.3886915445327759
6,1.0,0.9583333134651184,1.9274210929870605
7,1.0,0.9722222089767456,1.9319831132888794
8,1.0,0.9722222089767456,1.6358178853988647
9,1.0,1.0,1.5719445943832397
