,train_acc,test_acc,p_norm
0,1.0,0.8222222328186035,0
1,1.0,0.8814814686775208,0
2,1.0,0.800000011920929,0
3,1.0,0.8222222328186035,0
4,1.0,0.7777777910232544,0
5,1.0,0.6888888478279114,0
6,1.0,0.8074073791503906,0
7,1.0,0.8148148059844971,0
8,1.0,0.8148148059844971,0
9,1.0,0.8888888955116272,0
