,train_acc,test_acc,p_norm
0,1.0,0.6962962746620178,0.6997978091239929
1,1.0,0.8814814686775208,0.6645500063896179
2,1.0,0.7555555701255798,0.7546595931053162
3,1.0,0.6296296119689941,0.8344071507453918
4,1.0,0.7333333492279053,1.0038080215454102
5,1.0,0.9555555582046509,0.739738404750824
6,1.0,0.8888888955116272,0.7700523734092712
7,1.0,0.8074073791503906,0.7888554334640503
8,1.0,0.8962962627410889,0.7654741406440735
9,1.0,0.6814814805984497,0.7506539225578308
