,train_acc,test_acc,p_norm
0,1.0,0.9500000476837158,0.5174626708030701
1,1.0,0.9166666865348816,0.4606124758720398
2,1.0,0.9500000476837158,0.4803975522518158
3,1.0,0.8750000596046448,0.4597931504249573
4,1.0,0.9166666865348816,0.46646997332572937
5,1.0,0.9416667222976685,0.5134242177009583
6,1.0,0.9666666984558105,0.4777814745903015
7,1.0,0.9583333730697632,0.5069956183433533
8,1.0,0.9416667222976685,0.5155390501022339
9,1.0,0.9666666984558105,0.5267848968505859
