,train_acc,test_acc,p_norm
0,1.0,0.9523809552192688,1.8148208856582642
1,1.0,0.9642857313156128,3.5120224952697754
2,1.0,0.9642857313156128,2.3597676753997803
3,1.0,1.0,2.517826795578003
4,1.0,0.9880952835083008,2.1411399841308594
5,1.0,0.9761905074119568,2.791210174560547
6,1.0,1.0,2.615990400314331
7,1.0,0.9880952835083008,2.9750843048095703
8,1.0,0.9761905074119568,2.4242680072784424
9,1.0,0.9880952835083008,2.5753397941589355
