,train_acc,test_acc,p_norm
0,1.0,0.8296296000480652,0
1,1.0,0.8518518209457397,0
2,1.0,0.8814814686775208,0
3,1.0,0.8370370268821716,0
4,1.0,0.7555555701255798,0
5,1.0,0.8888888955116272,0
6,1.0,0.8296296000480652,0
7,1.0,0.9037036895751953,0
8,1.0,0.7555555701255798,0
9,1.0,0.8444444537162781,0
