,train_acc,test_acc,p_norm
0,1.0,0.9666666984558105,3.018669843673706
1,1.0,1.0,3.238119602203369
2,0.9895833730697632,1.0,3.0614147186279297
3,0.9895833730697632,1.0,3.1108272075653076
4,1.0,0.9666666984558105,2.6419224739074707
5,0.9791666865348816,0.9666666984558105,3.464592456817627
6,0.9895833730697632,0.9666666984558105,3.2400918006896973
7,1.0,1.0,2.990393877029419
8,0.9895833730697632,1.0,2.8802945613861084
9,1.0,0.9666666984558105,2.765820264816284
