,train_acc,test_acc,p_norm
0,1.0,1.0,3.6978578567504883
1,1.0,1.0,3.13907790184021
2,0.9904762506484985,1.0,4.019381999969482
3,1.0,1.0,3.4778969287872314
4,1.0,1.0,2.293922185897827
5,0.9904762506484985,1.0,2.7898573875427246
6,1.0,1.0,2.918077230453491
7,1.0,1.0,2.4845032691955566
8,0.9904762506484985,1.0,2.7368783950805664
9,1.0,1.0,2.8494691848754883
