,train_acc,test_acc,p_norm
0,1.0,0.8416666984558105,0.4666496515274048
1,1.0,0.9500000476837158,0.5563311576843262
2,1.0,0.9500000476837158,0.456312358379364
3,1.0,0.9416667222976685,0.48116013407707214
4,1.0,0.9333333969116211,0.5133522152900696
5,1.0,0.9333333969116211,0.4832291901111603
6,1.0,0.9500000476837158,0.5138601064682007
7,1.0,0.9666666984558105,0.5328092575073242
8,1.0,0.9000000357627869,0.4448067247867584
9,1.0,0.9166666865348816,0.5014563798904419
