,train_acc,test_acc,p_norm
0,1.0,1.0,2.4716737270355225
1,1.0,1.0,2.7090158462524414
2,1.0,1.0,3.0197935104370117
3,1.0,1.0,1.9581825733184814
4,1.0,1.0,2.5252137184143066
5,1.0,1.0,2.1783227920532227
6,1.0,1.0,2.565778970718384
7,1.0,1.0,2.3402645587921143
8,1.0,0.98333340883255,2.480900526046753
9,1.0,0.98333340883255,2.8446037769317627
