,train_acc,test_acc,p_norm
0,1.0,0.8222222328186035,2.837730884552002
1,1.0,0.7629629373550415,2.0897061824798584
2,1.0,0.8444444537162781,2.962097644805908
3,1.0,0.9481481313705444,2.5534164905548096
4,1.0,0.7925925850868225,1.7551155090332031
5,1.0,0.7851851582527161,2.0337119102478027
6,1.0,0.7851851582527161,2.270867347717285
7,1.0,0.7185184955596924,2.401108503341675
8,1.0,0.8370370268821716,3.0620617866516113
9,1.0,0.6518518328666687,2.1137776374816895
