,train_acc,test_acc,p_norm
0,1.0,0.8981481790542603,2.347722291946411
1,1.0,0.9629629850387573,1.8541851043701172
2,1.0,0.9537037014961243,2.04323148727417
3,1.0,0.7129629850387573,1.561989188194275
4,1.0,0.9259259104728699,2.1080825328826904
5,1.0,0.8703703880310059,1.8784384727478027
6,1.0,0.9259259104728699,2.0090584754943848
7,1.0,0.7592592835426331,2.3545775413513184
8,1.0,0.9259259104728699,1.9316461086273193
9,1.0,0.9166666865348816,1.3961671590805054
