,train_acc,test_acc,p_norm
0,0.25,1.0,3.061119556427002
1,0.75,1.0,4.812961578369141
2,0.75,1.0,10.049198150634766
3,0.75,0.75,20.618488311767578
4,1.0,1.0,3.528390407562256
5,0.5,1.0,6.226729393005371
6,1.0,1.0,5.6646647453308105
7,0.5,1.0,2.495074510574341
8,0.5,1.0,2.3361239433288574
9,1.0,1.0,3.4978625774383545
