,train_acc,test_acc,p_norm
0,0.9916667342185974,1.0,2.637037754058838
1,0.9916667342185974,1.0,2.0208630561828613
2,1.0,1.0,2.7315115928649902
3,1.0,1.0,2.2868170738220215
4,1.0,1.0,2.6566708087921143
5,1.0,1.0,2.7553470134735107
6,1.0,1.0,3.076018810272217
7,0.9916667342185974,1.0,2.3744564056396484
8,1.0,1.0,2.972139835357666
9,1.0,1.0,2.6630609035491943
