,train_acc,test_acc,p_norm
0,1.0,0.800000011920929,0.8799541592597961
1,1.0,0.940740704536438,1.1051316261291504
2,1.0,0.8666666746139526,1.326298713684082
3,1.0,0.8370370268821716,2.0425150394439697
4,1.0,0.8962962627410889,0.9798716306686401
5,1.0,0.940740704536438,1.1960482597351074
6,1.0,0.8592592477798462,1.1900848150253296
7,1.0,0.770370364189148,1.0489646196365356
8,1.0,0.9185184836387634,1.1345759630203247
9,1.0,0.8888888955116272,1.124809741973877
