,train_acc,test_acc,p_norm
0,1.0,0.9250000715255737,0.491945743560791
1,1.0,0.9083333611488342,0.4651133716106415
2,1.0,0.9166666865348816,0.47405731678009033
3,1.0,0.8916667103767395,0.44631797075271606
4,1.0,0.9583333730697632,0.4949146509170532
5,1.0,0.8916667103767395,0.4781407117843628
6,1.0,0.9083333611488342,0.4778980016708374
7,1.0,0.9000000357627869,0.5047911405563354
8,1.0,0.9000000357627869,0.4886183440685272
9,1.0,0.9000000357627869,0.4957476556301117
