,train_acc,test_acc,p_norm
0,1.0,0.9479166865348816,1.3783643245697021
1,1.0,0.96875,1.6770775318145752
2,1.0,0.9583333730697632,1.9609266519546509
3,1.0,0.96875,1.7583423852920532
4,1.0,0.9791666865348816,1.9155079126358032
5,1.0,0.96875,1.6349791288375854
6,1.0,0.96875,2.0135843753814697
7,1.0,0.96875,1.8790268898010254
8,1.0,0.96875,1.8246186971664429
9,1.0,0.9895833730697632,2.346560001373291
