,train_acc,test_acc,p_norm
0,0.9861111044883728,0.98333340883255,0.7645218968391418
1,0.9861111044883728,0.9666666984558105,0.7739154696464539
2,1.0,0.98333340883255,0.6168489456176758
3,1.0,0.98333340883255,0.7137948274612427
4,1.0,0.9666666984558105,0.7655799984931946
5,1.0,0.98333340883255,0.7769218683242798
6,1.0,0.98333340883255,0.8236844539642334
7,0.9861111044883728,0.98333340883255,0.6804996728897095
8,1.0,0.98333340883255,0.8103101253509521
9,1.0,0.9666666984558105,0.7301844358444214
