,train_acc,test_acc,p_norm
0,1.0,0.9166666865348816,0.5005829930305481
1,1.0,0.9166666865348816,0.49828803539276123
2,1.0,0.9250000715255737,0.4980712831020355
3,1.0,0.9250000715255737,0.5238004326820374
4,1.0,0.8833333849906921,0.5207658410072327
5,1.0,0.9000000357627869,0.5264037847518921
6,1.0,0.9250000715255737,0.5308099389076233
7,1.0,0.9333333969116211,0.48712947964668274
8,1.0,0.9250000715255737,0.4941985607147217
9,1.0,0.9250000715255737,0.4384410083293915
