,train_acc,test_acc,p_norm
0,1.0,0.6962962746620178,0.77167147397995
1,1.0,0.6444444060325623,0.7880522608757019
2,1.0,0.7037037014961243,0.6273900270462036
3,1.0,0.8370370268821716,0.7450613975524902
4,1.0,0.8074073791503906,0.6588840484619141
5,1.0,0.7259259223937988,0.7689048647880554
6,1.0,0.6740740537643433,0.6697509288787842
7,1.0,0.770370364189148,0.8305965662002563
8,1.0,0.6962962746620178,0.6403563618659973
9,1.0,0.8888888955116272,0.9946552515029907
