,train_acc,test_acc,p_norm
0,1.0,0.9666666984558105,4.2366042137146
1,1.0,1.0,3.722235679626465
2,1.0,0.9666666984558105,2.657999277114868
3,1.0,0.9666666984558105,2.2919819355010986
4,1.0,0.9666666984558105,3.2751941680908203
5,1.0,0.9666666984558105,3.0491390228271484
6,0.9895833730697632,0.9666666984558105,2.8405649662017822
7,0.9895833730697632,0.9666666984558105,3.4127049446105957
8,1.0,0.9666666984558105,3.342144250869751
9,1.0,0.9666666984558105,2.9854085445404053
