,train_acc,test_acc,p_norm
0,1.0,0.9250000715255737,0.5050596594810486
1,1.0,0.9083333611488342,0.5238813161849976
2,1.0,0.9333333969116211,0.5126684904098511
3,1.0,0.9000000357627869,0.5109976530075073
4,1.0,0.9000000357627869,0.48581790924072266
5,1.0,0.8916667103767395,0.49529314041137695
6,1.0,0.9000000357627869,0.48883241415023804
7,1.0,0.8916667103767395,0.5027031302452087
8,1.0,0.8666667342185974,0.4375160038471222
9,1.0,0.8666667342185974,0.505153477191925
