,train_acc,test_acc,p_norm
0,1.0,0.9555555582046509,0.6708277463912964
1,1.0,0.9555555582046509,0.5788602828979492
2,1.0,0.9555555582046509,0.5808637738227844
3,0.9791666865348816,0.9666666984558105,0.6070406436920166
4,1.0,0.9333333373069763,0.5991461277008057
5,1.0,0.9666666984558105,0.601950466632843
6,1.0,0.944444477558136,0.5841476917266846
7,1.0,0.9333333373069763,0.5754693746566772
8,1.0,0.9555555582046509,0.6115797162055969
9,0.9791666865348816,0.9666666984558105,0.5426596999168396
