,train_acc,test_acc,p_norm
0,1.0,0.9583333730697632,0.5350145101547241
1,1.0,0.9583333730697632,0.5206140279769897
2,1.0,0.9083333611488342,0.5248358249664307
3,1.0,0.9583333730697632,0.48875728249549866
4,1.0,0.9583333730697632,0.5376827716827393
5,1.0,0.9250000715255737,0.506316602230072
6,1.0,0.9000000357627869,0.536045253276825
7,1.0,0.9333333969116211,0.5332828164100647
8,1.0,0.9416667222976685,0.5545035600662231
9,1.0,0.9000000357627869,0.4921249747276306
