,train_acc,test_acc,p_norm
0,1.0,0.5777777433395386,0.7925019264221191
1,0.9166666865348816,0.5481481552124023,0.7943981885910034
2,1.0,0.6222221851348877,0.7819270491600037
3,1.0,0.8592592477798462,0.809876561164856
4,1.0,0.7407407164573669,0.6507527232170105
5,1.0,0.5999999642372131,0.6427313685417175
6,0.9166666865348816,0.4888888895511627,0.8242737650871277
7,1.0,0.8740740418434143,0.8164858818054199
8,1.0,0.7481481432914734,0.5543396472930908
9,1.0,0.8666666746139526,0.7487511038780212
