,train_acc,test_acc,p_norm
0,1.0,0.9250000715255737,0.43901529908180237
1,1.0,0.9166666865348816,0.43958377838134766
2,1.0,0.9500000476837158,0.5334435701370239
3,1.0,0.8750000596046448,0.44602271914482117
4,1.0,0.9333333969116211,0.45478999614715576
5,1.0,0.9416667222976685,0.5397874712944031
6,1.0,0.9083333611488342,0.4761701226234436
7,1.0,0.9166666865348816,0.5204992890357971
8,1.0,0.9083333611488342,0.42941758036613464
9,1.0,0.9333333969116211,0.5258852243423462
