,train_acc,test_acc,p_norm
0,1.0,0.9166666865348816,0.5259457230567932
1,1.0,0.9333333969116211,0.5193804502487183
2,1.0,0.9333333969116211,0.4983033537864685
3,1.0,0.9500000476837158,0.4495706856250763
4,1.0,0.9416667222976685,0.45619627833366394
5,1.0,0.9416667222976685,0.5657392144203186
6,1.0,0.9416667222976685,0.4958316385746002
7,1.0,0.9416667222976685,0.49656999111175537
8,1.0,0.9416667222976685,0.5054910182952881
9,1.0,0.9083333611488342,0.5096242427825928
