,train_acc,test_acc,p_norm
0,1.0,0.9583333730697632,0.577756941318512
1,1.0,0.8833333849906921,0.49063125252723694
2,1.0,0.9166666865348816,0.5254195332527161
3,1.0,0.8583333492279053,0.427461177110672
4,1.0,0.9083333611488342,0.4734432101249695
5,1.0,0.9000000357627869,0.511879563331604
6,1.0,0.9250000715255737,0.5019935369491577
7,1.0,0.9500000476837158,0.5220251083374023
8,1.0,0.9000000357627869,0.4800226390361786
9,1.0,0.9583333730697632,0.5246148705482483
