,train_acc,test_acc,p_norm
0,1.0,0.9666666984558105,4.71431303024292
1,0.9895833730697632,0.9666666984558105,5.707601547241211
2,1.0,0.9666666984558105,4.035700798034668
3,1.0,0.9666666984558105,4.822066307067871
4,1.0,0.9666666984558105,3.5336906909942627
5,1.0,0.9333333969116211,4.664638042449951
6,1.0,0.9666666984558105,4.959676742553711
7,1.0,0.9333333969116211,5.17383337020874
8,1.0,0.9666666984558105,4.806313991546631
9,1.0,0.9666666984558105,4.577967643737793
