,train_acc,test_acc,p_norm
0,1.0,0.9166666865348816,0.4414813220500946
1,1.0,0.9583333730697632,0.41886764764785767
2,1.0,0.9250000715255737,0.4879327416419983
3,1.0,0.9000000357627869,0.4339499771595001
4,1.0,0.9083333611488342,0.42127713561058044
5,1.0,0.9166666865348816,0.40065282583236694
6,1.0,0.9166666865348816,0.43687066435813904
7,1.0,0.9166666865348816,0.42568185925483704
8,1.0,0.9416667222976685,0.4339388310909271
9,1.0,0.9500000476837158,0.45471006631851196
