,train_acc,test_acc,p_norm
0,1.0,0.9733333587646484,0.6355280876159668
1,1.0,0.9600000381469727,0.7267463207244873
2,0.98333340883255,0.9600000381469727,0.6902055144309998
3,1.0,0.9733333587646484,0.6589841842651367
4,1.0,0.9733333587646484,0.6923288702964783
5,1.0,0.9733333587646484,0.7297912240028381
6,1.0,0.9866666793823242,0.6769298911094666
7,1.0,0.9866666793823242,0.7382742762565613
8,1.0,0.9733333587646484,0.6643660664558411
9,1.0,0.9733333587646484,0.6669449210166931
