,train_acc,test_acc,p_norm
0,0.3333333432674408,0.40700000524520874,0.0
1,0.3333333432674408,0.18000000715255737,0.0
2,0.3333333432674408,0.18000000715255737,0.0
3,0.3333333432674408,0.40700000524520874,0.0
4,0.3333333432674408,0.4129999876022339,0.0
5,0.3333333432674408,0.18000000715255737,0.0
6,0.3333333432674408,0.18000000715255737,0.0
7,0.3333333432674408,0.4129999876022339,0.0
8,0.3333333432674408,0.40700000524520874,0.0
9,0.3333333432674408,0.40700000524520874,0.0
