,train_acc,test_acc,p_norm
0,0.3985837399959564,0.40700000524520874,0.0
1,0.3985837399959564,0.40700000524520874,0.0
2,0.3985837399959564,0.40700000524520874,0.0
3,0.3985837399959564,0.40700000524520874,0.0
4,0.3985837399959564,0.40700000524520874,0.0
5,0.3985837399959564,0.40700000524520874,0.0
6,0.3916122317314148,0.41200000047683716,0.0
7,0.3985837399959564,0.40700000524520874,0.0
8,0.3985837399959564,0.40700000524520874,0.0
9,0.3916122317314148,0.41200000047683716,0.0
